policy_rank,variant_id,family,base_config_json,stop_loss,take_profit,leverage,max_positions,train_final_equity,train_total_return,train_cagr,train_sharpe,train_max_drawdown,train_trades,train_traded_days,train_average_positions,train_max_positions_used,train_blown_up,train_worst_day,validation_final_equity,validation_total_return,validation_cagr,validation_sharpe,validation_max_drawdown,validation_trades,validation_traded_days,validation_average_positions,validation_max_positions_used,validation_blown_up,validation_worst_day,oos_final_equity,oos_total_return,oos_cagr,oos_sharpe,oos_max_drawdown,oos_trades,oos_traded_days,oos_average_positions,oos_max_positions_used,oos_blown_up,oos_worst_day,holdout_final_equity,holdout_total_return,holdout_cagr,holdout_sharpe,holdout_max_drawdown,holdout_trades,holdout_traded_days,holdout_average_positions,holdout_max_positions_used,holdout_blown_up,holdout_worst_day,policy_sharpe_stability,policy_selection_score
1,5f7e41cf3ad0,relative_weakness_reversal,"{""family"": ""relative_weakness_reversal"", ""gap_max"": -0.03, ""min_adv20"": 20000000.0, ""mom3_max"": -0.05, ""prev_return_percentile_max"": 0.2}",0.02,,1.5,5,58446.30884365003,4.844630884365003,0.10327125518711688,0.766879885379077,-0.3267681556429022,1392,695,0.3074884029158383,5,False,-0.032999999999999995,15266.65829036017,0.5266658290360171,0.1512432216649653,0.888666003090534,-0.10650453451553132,254,105,0.33553500660501984,5,False,-0.032999999999999995,10601.141174253191,0.060114117425319025,0.019702041475784915,0.19700966401215234,-0.16854399960960198,216,122,0.2864721485411141,5,False,-0.032999999999999995,11172.61721245997,0.11726172124599699,0.11825322392252335,0.7327052933298398,-0.10617929491707634,84,44,0.336,5,False,-0.032999999999999995,-0.12178611771145698,0.8964945652173912
2,5f7e41cf3ad0,relative_weakness_reversal,"{""family"": ""relative_weakness_reversal"", ""gap_max"": -0.03, ""min_adv20"": 20000000.0, ""mom3_max"": -0.05, ""prev_return_percentile_max"": 0.2}",0.02,,1.0,5,33680.55960348841,2.368055960348841,0.0699342698576968,0.7668798853790769,-0.2294512597867875,1392,695,0.3074884029158383,5,False,-0.022,13385.836258510275,0.3385836258510275,0.10194369160324279,0.8886660030905341,-0.07193535897805414,254,105,0.33553500660501984,5,False,-0.022,10474.731982467376,0.04747319824673757,0.015622038589901965,0.19700966401215264,-0.11510769339174975,216,122,0.2864721485411141,5,False,-0.022,10799.4523280146,0.07994523280146004,0.08060990881170693,0.7327052933298395,-0.07173510176950548,84,44,0.336,5,False,-0.022,-0.1217861177114572,0.8947826086956522
3,5f7e41cf3ad0,relative_weakness_reversal,"{""family"": ""relative_weakness_reversal"", ""gap_max"": -0.03, ""min_adv20"": 20000000.0, ""mom3_max"": -0.05, ""prev_return_percentile_max"": 0.2}",0.02,,2.0,5,97861.29712837168,8.786129712837168,0.13538552752000577,0.7668798853790769,-0.41362456487424615,1392,695,0.3074884029158383,5,False,-0.044,17254.59362273852,0.7254593622738521,0.19912353735140598,0.8886660030905341,-0.14015646449261276,254,105,0.33553500660501984,5,False,-0.044,10655.377229857262,0.06553772298572613,0.021442644713342673,0.19700966401215264,-0.21935899360729516,216,122,0.2864721485411141,5,False,-0.044,11526.20950937691,0.152620950937691,0.15393142717495212,0.7327052933298395,-0.13969295314214425,84,44,0.336,5,False,-0.044,-0.1217861177114572,0.8928260869565217
4,5f7e41cf3ad0,relative_weakness_reversal,"{""family"": ""relative_weakness_reversal"", ""gap_max"": -0.03, ""min_adv20"": 20000000.0, ""mom3_max"": -0.05, ""prev_return_percentile_max"": 0.2}",0.02,,1.0,3,48238.16369687393,3.8238163696873935,0.09154497116272653,0.7263623208635482,-0.2960371902747957,1154,695,0.25491495471614756,3,False,-0.022000000000000002,13928.70851447934,0.392870851447934,0.116623887752904,0.8283512462193252,-0.09561393086284942,192,105,0.2536327608982827,3,False,-0.022000000000000002,9701.383509354451,-0.029861649064554907,-0.010081175225385652,-0.021892731918899684,-0.18325841192592296,185,122,0.2453580901856764,3,False,-0.022000000000000002,10892.197367502398,0.08921973675023986,0.08996468308806227,0.6432235576784033,-0.08948554488355809,72,44,0.288,3,False,-0.022000000000000002,-0.10198892535577697,0.8846467391304348
5,aeb583bdb7a4,gap_down_reversal,"{""family"": ""gap_down_reversal"", ""gap_max"": -0.03, ""min_adv20"": 20000000.0, ""prev_return_max"": 0.0}",,0.08,1.0,10,62015.92258704765,5.201592258704765,0.10691809443982603,0.7423802793227325,-0.27502510017806636,6477,2421,1.4307488402915838,10,False,-0.12580672402477608,14370.268297342545,0.43702682973425455,0.1282853650635447,0.8854664424536391,-0.10638637922076932,1195,395,1.5785997357992074,10,False,-0.058217640260405455,5887.3653614283785,-0.41126346385716217,-0.16227096808341057,-1.1823284342916622,-0.4633760074569967,1436,438,1.9045092838196287,10,False,-0.05596621165495238,10065.47400880247,0.0065474008802470784,0.0065999525599163,0.1249359198028769,-0.13690132498370478,531,146,2.124,10,False,-0.04909325137930075,-0.1430861631309066,0.88125
6,5f7e41cf3ad0,relative_weakness_reversal,"{""family"": ""relative_weakness_reversal"", ""gap_max"": -0.03, ""min_adv20"": 20000000.0, ""mom3_max"": -0.05, ""prev_return_percentile_max"": 0.2}",0.02,,3.0,5,247471.80417445107,23.747180417445108,0.19556174025181838,0.766879885379077,-0.55929894269542,1392,695,0.3074884029158383,5,False,-0.06599999999999999,21476.546166804157,1.1476546166804158,0.28975921017885287,0.888666003090534,-0.20475553898385435,254,105,0.33553500660501984,5,False,-0.06599999999999999,10558.6378918452,0.05586378918451995,0.01833383109984288,0.19700966401215234,-0.3134906016527864,216,122,0.2864721485411141,5,False,-0.06599999999999999,12169.819464935323,0.2169819464935323,0.21889531774744464,0.7327052933298398,-0.20398450626685238,84,44,0.336,5,False,-0.06599999999999999,-0.12178611771145698,0.8809510869565218
7,5f7e41cf3ad0,relative_weakness_reversal,"{""family"": ""relative_weakness_reversal"", ""gap_max"": -0.03, ""min_adv20"": 20000000.0, ""mom3_max"": -0.05, ""prev_return_percentile_max"": 0.2}",0.02,,1.5,3,95031.22008572395,8.503122008572396,0.13353232549940275,0.7263623208635481,-0.4151864987934727,1154,695,0.25491495471614756,3,False,-0.033,16083.889349387524,0.6083889349387523,0.17140249420723963,0.8283512462193252,-0.1410976581653124,192,105,0.2536327608982827,3,False,-0.033,9404.878336351863,-0.05951216636481371,-0.020297611489620948,-0.021892731918899826,-0.26574079868535583,185,122,0.2453580901856764,3,False,-0.033,11281.838195990984,0.1281838195990983,0.12927289881093484,0.643223557678403,-0.13203223117528629,72,44,0.288,3,False,-0.033,-0.10198892535577708,0.8799184782608696
8,5f7e41cf3ad0,relative_weakness_reversal,"{""family"": ""relative_weakness_reversal"", ""gap_max"": -0.03, ""min_adv20"": 20000000.0, ""mom3_max"": -0.05, ""prev_return_percentile_max"": 0.2}",0.02,,2.0,3,174849.61498218635,16.484961498218635,0.17266557751417388,0.7263623208635482,-0.5173459017825182,1154,695,0.25491495471614756,3,False,-0.044000000000000004,18321.444313797878,0.8321444313797879,0.22331258992639214,0.8283512462193252,-0.18504150940197972,192,105,0.2536327608982827,3,False,-0.044000000000000004,9026.744444073674,-0.09732555559263256,-0.033642701746199766,-0.021892731918899684,-0.3421923345905946,185,122,0.2453580901856764,3,False,-0.044000000000000004,11630.96012144704,0.16309601214470404,0.1645026769287674,0.6432235576784033,-0.1731428560064674,72,44,0.288,3,False,-0.044000000000000004,-0.10198892535577697,0.8742119565217391
9,aeb583bdb7a4,gap_down_reversal,"{""family"": ""gap_down_reversal"", ""gap_max"": -0.03, ""min_adv20"": 20000000.0, ""prev_return_max"": 0.0}",,0.08,1.5,10,131963.48357131638,12.196348357131638,0.15443951609508577,0.7423802793227325,-0.40283554781382414,6477,2421,1.4307488402915838,10,False,-0.18871008603716413,16813.006311614357,0.6813006311614358,0.18881907769699513,0.8854664424536391,-0.16136096854201143,1195,395,1.5785997357992074,10,False,-0.08732646039060818,4416.627456582593,-0.5583372543417406,-0.23900269038789657,-1.1823284342916618,-0.6140702623448544,1436,438,1.9045092838196287,10,False,-0.08394931748242858,9981.834552364138,-0.0018165447635861698,-0.0018310638087615239,0.1249359198028767,-0.1992331844797881,531,146,2.124,10,False,-0.07363987706895112,-0.1430861631309066,0.8719021739130435
10,5f7e41cf3ad0,relative_weakness_reversal,"{""family"": ""relative_weakness_reversal"", ""gap_max"": -0.03, ""min_adv20"": 20000000.0, ""mom3_max"": -0.05, ""prev_return_percentile_max"": 0.2}",0.02,,4.0,5,548658.1950198283,53.86581950198283,0.24974090494178092,0.7668798853790769,-0.6728774344805781,1392,695,0.3074884029158383,5,False,-0.088,25870.764257924387,1.5870764257924388,0.37221231296480584,0.8886660030905341,-0.2658290056065118,254,105,0.33553500660501984,5,False,-0.088,10215.135654717262,0.021513565471726226,0.007139322688838989,0.19700966401215264,-0.39822217175892605,216,122,0.2864721485411141,5,False,-0.088,12721.836912942423,0.27218369129424236,0.27463612384277036,0.7327052933298395,-0.26472247589083164,84,44,0.336,5,False,-0.088,-0.1217861177114572,0.8674184782608696
11,aeb583bdb7a4,gap_down_reversal,"{""family"": ""gap_down_reversal"", ""gap_max"": -0.03, ""min_adv20"": 20000000.0, ""prev_return_max"": 0.0}",,0.08,2.0,10,252545.37816845134,24.254537816845133,0.1969131323049378,0.7423802793227325,-0.5195551400011711,6477,2421,1.4307488402915838,10,False,-0.25161344804955216,19359.998571228825,0.9359998571228825,0.24597340530620326,0.8854664424536391,-0.21681604457762782,1195,395,1.5785997357992074,10,False,-0.11643528052081091,3263.573327815092,-0.6736426672184908,-0.3121910663674762,-1.1823284342916622,-0.7258936359724554,1436,438,1.9045092838196287,10,False,-0.11193242330990476,9823.990081202139,-0.017600991879786143,-0.017740543387527064,0.1249359198028769,-0.2577540434496899,531,146,2.124,10,False,-0.0981865027586015,-0.1430861631309066,0.8627717391304347
12,5f7e41cf3ad0,relative_weakness_reversal,"{""family"": ""relative_weakness_reversal"", ""gap_max"": -0.03, ""min_adv20"": 20000000.0, ""mom3_max"": -0.05, ""prev_return_percentile_max"": 0.2}",0.02,,3.0,3,487179.5764106277,47.71795764106277,0.24150052251660337,0.7263623208635481,-0.6776121238145496,1154,695,0.25491495471614756,3,False,-0.066,22875.798444306238,1.2875798444306237,0.3171457694704669,0.8283512462193252,-0.268352200412429,192,105,0.2536327608982827,3,False,-0.066,8081.445134167082,-0.19185548658329177,-0.06871798935735118,-0.021892731918899826,-0.4775381946574945,185,122,0.2453580901856764,3,False,-0.066,12201.549209198725,0.22015492091987254,0.22209873789205314,0.643223557678403,-0.25114560435643773,72,44,0.288,3,False,-0.066,-0.10198892535577708,0.8558423913043478
13,39765112165e,gap_down_reversal,"{""family"": ""gap_down_reversal"", ""gap_max"": -0.03, ""min_adv20"": 20000000.0, ""prev_return_max"": 0.0}",,0.04,1.0,10,38755.2521543549,2.87552521543549,0.07832583829148998,0.7058966846421072,-0.3109917631216428,6477,2421,1.4307488402915838,10,False,-0.10628595490546582,13400.668785874519,0.3400668785874519,0.10235001634406227,0.8945520475338474,-0.12412128757347174,1195,395,1.5785997357992074,10,False,-0.04489158831119614,5588.424133377959,-0.44115758666220406,-0.17673494794297218,-1.5043133042858197,-0.47978124730947924,1436,438,1.9045092838196287,10,False,-0.05596621165495238,9692.170409899445,-0.030782959010055455,-0.03102536249921195,-0.15826569865987034,-0.10597536037773359,531,146,2.124,10,False,-0.04100219300593627,-0.18865536289174023,0.855054347826087
14,16968da02607,gap_down_reversal,"{""family"": ""gap_down_reversal"", ""gap_max"": -0.03, ""min_adv20"": 20000000.0, ""prev_return_max"": -0.03}",,,1.0,10,56188.02330864129,4.6188023308641295,0.10085386666922957,0.6500300923952478,-0.3443861681426088,2333,852,0.5153523304616744,10,False,-0.14695611304480086,13306.45264034451,0.33064526403445105,0.099763922377754,0.8303607975837323,-0.11150990157918617,463,141,0.6116248348745046,10,False,-0.05732425904456412,10481.537818279705,0.04815378182797048,0.015842537246931965,0.1944450083670606,-0.17227080807515616,354,153,0.46949602122015915,10,False,-0.04040792755699627,12241.624436533693,0.22416244365336935,0.22614480932573078,1.5016342779857852,-0.03862361813565163,145,56,0.58,10,False,-0.01498271561195762,-0.18033070518848449,0.8545652173913044
15,08f00ed65665,gap_down_reversal,"{""family"": ""gap_down_reversal"", ""gap_max"": -0.02, ""min_adv20"": 20000000.0, ""prev_return_max"": 0.0}",,0.08,1.0,10,58325.812583264524,4.832581258326452,0.10314451569817829,0.627603749653276,-0.36986168358472404,11830,3245,2.613209631102275,10,False,-0.12580672402477608,14161.890350912485,0.4161890350912485,0.12281239583023784,0.7496510736893177,-0.12550179067904854,2074,527,2.739762219286658,10,False,-0.06277386699508251,5387.325519290027,-0.4612674480709973,-0.1867572006253474,-1.1259981401479753,-0.5090078100764408,2540,569,3.3687002652519893,10,False,-0.06129574702629674,10058.250910019784,0.005825091001978366,0.005871828279787383,0.12416733057790902,-0.16206371747505732,815,188,3.26,10,False,-0.04909325137930075,-0.12204732403604168,0.8511413043478261
16,aeb583bdb7a4,gap_down_reversal,"{""family"": ""gap_down_reversal"", ""gap_max"": -0.03, ""min_adv20"": 20000000.0, ""prev_return_max"": 0.0}",,0.08,1.0,5,76514.99670657988,6.651499670657988,0.11993969949347827,0.636668023496901,-0.4070473974600015,5431,2421,1.1996907444223548,5,False,-0.15433849018204635,15056.026287540193,0.5056026287540194,0.14593117906250774,0.7654746904899496,-0.1537115702162688,945,395,1.2483487450462352,5,False,-0.07046687873020771,4479.563442899413,-0.5520436557100588,-0.23539547743605072,-1.1421984603682733,-0.5869701384640211,1164,438,1.5437665782493368,5,False,-0.11193242330990476,8983.347359092482,-0.10166526409075172,-0.10243543562368274,-0.36044163358716597,-0.2202982162001872,405,146,1.62,5,False,-0.05902775518330809,-0.12880666699304866,0.8508152173913044
17,aeb583bdb7a4,gap_down_reversal,"{""family"": ""gap_down_reversal"", ""gap_max"": -0.03, ""min_adv20"": 20000000.0, ""prev_return_max"": 0.0}",,0.08,1.0,20,33157.452057442526,2.3157452057442525,0.06900238067216424,0.6493817936179355,-0.26458465116669927,7458,2421,1.6474486414844267,20,False,-0.11298079310317959,12518.607469108452,0.25186074691084515,0.07764499617811227,0.707909674366098,-0.09862060282987184,1508,395,1.9920739762219286,20,False,-0.07701349794473912,8085.475004865236,-0.19145249951347643,-0.06856280769018341,-0.6728844386392928,-0.2738659732334269,1595,438,2.1153846153846154,20,False,-0.03475353461805926,10220.37990353761,0.022037990353761083,0.02221623839468423,0.23673993606634458,-0.09414026807663267,623,146,2.492,20,False,-0.039093638643917974,-0.05852788074816251,0.849891304347826
18,810de8977158,gap_down_reversal,"{""family"": ""gap_down_reversal"", ""gap_max"": -0.02, ""min_adv20"": 20000000.0, ""prev_return_max"": 0.0}",,0.04,1.0,10,45103.23027202882,3.5103230272028823,0.08746960074542076,0.6475932247721959,-0.36138902134586326,11830,3245,2.613209631102275,10,False,-0.10628595490546582,13247.925069186082,0.32479250691860817,0.09815127063233597,0.7210540554134907,-0.13045276671553718,2074,527,2.739762219286658,10,False,-0.05045802043617424,5368.3823713059755,-0.46316176286940247,-0.1877140364018861,-1.275612536623968,-0.5038847078373536,2540,569,3.3687002652519893,10,False,-0.06129574702629674,9771.558212413,-0.02284417875870004,-0.02302481198586026,-0.08155598794892863,-0.13774238185334486,815,188,3.26,10,False,-0.04100219300593627,-0.07346083064129472,0.8490760869565218
19,16968da02607,gap_down_reversal,"{""family"": ""gap_down_reversal"", ""gap_max"": -0.03, ""min_adv20"": 20000000.0, ""prev_return_max"": -0.03}",,,1.5,10,111572.2653845969,10.15722653845969,0.14370302673738622,0.6500300923952478,-0.4897244340905338,2333,852,0.5153523304616744,10,False,-0.22043416956720127,15095.320059525095,0.5095320059525095,0.14692589453828586,0.8303607975837322,-0.16653804812866957,463,141,0.6116248348745046,10,False,-0.08598638856684618,10590.864077673932,0.059086407767393156,0.019371549811538102,0.19444500836706066,-0.24909653795775932,354,153,0.46949602122015915,10,False,-0.060611891335494404,13453.583728954738,0.3453583728954739,0.348555081444889,1.5016342779857852,-0.0576716451961371,145,56,0.58,10,False,-0.02247407341793643,-0.18033070518848437,0.8468749999999999
20,39765112165e,gap_down_reversal,"{""family"": ""gap_down_reversal"", ""gap_max"": -0.03, ""min_adv20"": 20000000.0, ""prev_return_max"": 0.0}",,0.04,1.5,10,69440.85326719077,5.944085326719078,0.11390806058193959,0.7058966846421071,-0.44302189256257307,6477,2421,1.4307488402915838,10,False,-0.15942893235819872,15277.389458292402,0.5277389458292403,0.15151254436320194,0.8945520475338474,-0.18344085926507125,1195,395,1.5785997357992074,10,False,-0.06733738246679422,4103.601849471649,-0.589639815052835,-0.25747164404817147,-1.504313304285819,-0.6305763786114547,1436,438,1.9045092838196287,10,False,-0.08394931748242858,9473.927133170426,-0.052607286682957444,-0.053016786947493455,-0.15826569865987022,-0.157182085260812,531,146,2.124,10,False,-0.0615032895089044,-0.18865536289174034,0.8465217391304348
21,5afba290676c,relative_weakness_reversal,"{""family"": ""relative_weakness_reversal"", ""gap_max"": -0.03, ""min_adv20"": 50000000.0, ""mom3_max"": -0.05, ""prev_return_percentile_max"": 0.2}",0.02,,1.5,5,37667.68230868357,2.766768230868357,0.07661862098317562,0.5973662207212763,-0.3598031435077951,1208,606,0.2668433841396068,5,False,-0.032999999999999995,15700.81542556254,0.570081542556254,0.16204014367490016,0.9307275720585321,-0.10650453451553143,254,105,0.33553500660501984,5,False,-0.032999999999999995,10672.522047289387,0.06725220472893878,0.02199164774050577,0.21122880468718713,-0.16854399960960198,215,122,0.28514588859416445,5,False,-0.032999999999999995,11172.61721245997,0.11726172124599699,0.11825322392252335,0.7327052933298398,-0.10617929491707634,84,44,0.336,5,False,-0.032999999999999995,-0.33336135133725575,0.8464402173913044
22,5afba290676c,relative_weakness_reversal,"{""family"": ""relative_weakness_reversal"", ""gap_max"": -0.03, ""min_adv20"": 50000000.0, ""mom3_max"": -0.05, ""prev_return_percentile_max"": 0.2}",0.02,,1.0,5,25092.97169121679,1.509297169121679,0.05254692936118044,0.5973662207212764,-0.25518935282602917,1208,606,0.2668433841396068,5,False,-0.022,13642.21383852947,0.3642213838529469,0.10892512415120348,0.9307275720585323,-0.07193535897805381,254,105,0.33553500660501984,5,False,-0.022,10521.437313560646,0.05214373135606465,0.017133306052240505,0.21122880468718738,-0.11510769339174987,215,122,0.28514588859416445,5,False,-0.022,10799.4523280146,0.07994523280146004,0.08060990881170693,0.7327052933298395,-0.07173510176950548,84,44,0.336,5,False,-0.022,-0.33336135133725586,0.8461413043478261
23,aeb583bdb7a4,gap_down_reversal,"{""family"": ""gap_down_reversal"", ""gap_max"": -0.03, ""min_adv20"": 20000000.0, ""prev_return_max"": 0.0}",,0.08,1.5,20,55444.44152061905,4.544444152061906,0.1000377855257486,0.6493817936179357,-0.38568339118830064,7458,2421,1.6474486414844267,20,False,-0.16947118965476937,13802.129269031364,0.38021292690313646,0.11323556832056747,0.7079096743660979,-0.1490810087077693,1508,395,1.9920739762219286,20,False,-0.11552024691710867,7194.445736087037,-0.28055542639129627,-0.1042104166525768,-0.6728844386392929,-0.3859462595192935,1595,438,2.1153846153846154,20,False,-0.052130301927088896,10274.381518215518,0.02743815182155185,0.027660665365615733,0.2367399360663444,-0.13946715682722288,623,146,2.492,20,False,-0.05864045796587697,-0.058527880748162175,0.8442663043478262
24,5afba290676c,relative_weakness_reversal,"{""family"": ""relative_weakness_reversal"", ""gap_max"": -0.03, ""min_adv20"": 50000000.0, ""mom3_max"": -0.05, ""prev_return_percentile_max"": 0.2}",0.02,,2.0,5,54656.361794427336,4.4656361794427335,0.09916150795586742,0.5973662207212764,-0.45120429042501,1208,606,0.2668433841396068,5,False,-0.044,17902.38710280601,0.790238710280601,0.2139261932501666,0.9307275720585323,-0.14015646449261288,254,105,0.33553500660501984,5,False,-0.044,10751.687130866645,0.07516871308666451,0.024519046941696265,0.21122880468718738,-0.21935899360729516,215,122,0.28514588859416445,5,False,-0.044,11526.20950937691,0.152620950937691,0.15393142717495212,0.7327052933298395,-0.13969295314214425,84,44,0.336,5,False,-0.044,-0.33336135133725586,0.8436413043478261
25,5f7e41cf3ad0,relative_weakness_reversal,"{""family"": ""relative_weakness_reversal"", ""gap_max"": -0.03, ""min_adv20"": 20000000.0, ""mom3_max"": -0.05, ""prev_return_percentile_max"": 0.2}",0.02,,4.0,3,1062117.061555654,105.21170615556541,0.29654895673581216,0.7263623208635482,-0.7901734653624009,1154,695,0.25491495471614756,3,False,-0.08800000000000001,27222.21031940321,1.7222210319403208,0.39567066337253776,0.8283512462193252,-0.34565525830765453,192,105,0.2536327608982827,3,False,-0.08800000000000001,6978.707362498633,-0.3021292637501367,-0.11327926141996258,-0.021892731918899684,-0.5907924909225951,185,122,0.2453580901856764,3,False,-0.08800000000000001,12595.901140462156,0.25959011404621557,0.26191783196469554,0.6432235576784033,-0.32368150905744064,72,44,0.288,3,False,-0.08800000000000001,-0.10198892535577697,0.843070652173913
26,aeb583bdb7a4,gap_down_reversal,"{""family"": ""gap_down_reversal"", ""gap_max"": -0.03, ""min_adv20"": 20000000.0, ""prev_return_max"": 0.0}",,0.08,3.0,10,667358.436607656,65.7358436607656,0.26344047017514494,0.7423802793227325,-0.7194602599544454,6477,2421,1.4307488402915838,10,False,-0.37742017207432826,24484.245957366325,1.4484245957366326,0.34727940448454575,0.8854664424536391,-0.3272271268543945,1195,395,1.5785997357992074,10,False,-0.17465292078121636,1702.0990262817231,-0.8297900973718277,-0.4466732514793218,-1.1823284342916618,-0.8669226036778452,1436,438,1.9045092838196287,10,False,-0.16789863496485716,9303.993544729652,-0.06960064552703482,-0.07013745289255557,0.1249359198028767,-0.36993068814462693,531,146,2.124,10,False,-0.14727975413790223,-0.1430861631309066,0.8419565217391304
27,08f00ed65665,gap_down_reversal,"{""family"": ""gap_down_reversal"", ""gap_max"": -0.02, ""min_adv20"": 20000000.0, ""prev_return_max"": 0.0}",,0.08,1.5,10,112111.91896676908,10.211191896676908,0.14401026285411977,0.627603749653276,-0.5247678317615885,11830,3245,2.613209631102275,10,False,-0.18871008603716413,16293.663567448997,0.6293663567448997,0.1764664745336484,0.7496510736893178,-0.19215502721213962,2074,527,2.739762219286658,10,False,-0.09416080049262378,3825.88555416795,-0.6174114445832051,-0.2746598446977415,-1.1259981401479753,-0.6657242274210309,2540,569,3.3687002652519893,10,False,-0.09194362053944512,9957.671582430034,-0.004232841756996675,-0.004266632148586247,0.12416733057790907,-0.23432747449201374,815,188,3.26,10,False,-0.07363987706895112,-0.1220473240360418,0.8388315217391304
28,39765112165e,gap_down_reversal,"{""family"": ""gap_down_reversal"", ""gap_max"": -0.03, ""min_adv20"": 20000000.0, ""prev_return_max"": 0.0}",,0.04,2.0,10,116657.06832014596,10.665706832014596,0.14654386600484304,0.7058966846421072,-0.5583074140406243,6477,2421,1.4307488402915838,10,False,-0.21257190981093163,17240.179970955945,0.7240179970955944,0.19878998890033017,0.8945520475338474,-0.2407660057152896,1195,395,1.5785997357992074,10,False,-0.08978317662239228,2976.7044517484246,-0.7023295548251576,-0.33301930568043403,-1.5043133042858197,-0.7404471738489993,1436,438,1.9045092838196287,10,False,-0.11193242330990476,9216.40651675815,-0.07835934832418501,-0.07896079812343881,-0.15826569865987034,-0.20707876460150199,531,146,2.124,10,False,-0.08200438601187254,-0.18865536289174023,0.8384782608695652
29,16968da02607,gap_down_reversal,"{""family"": ""gap_down_reversal"", ""gap_max"": -0.03, ""min_adv20"": 20000000.0, ""prev_return_max"": -0.03}",,,2.0,10,197554.9151147006,18.75549151147006,0.18066248624836612,0.6500300923952478,-0.6141149683712994,2333,852,0.5153523304616744,10,False,-0.2939122260896017,16938.827946768582,0.6938827946768582,0.1917733426458883,0.8303607975837323,-0.22072718359422427,463,141,0.6116248348745046,10,False,-0.11464851808912824,10612.442179267626,0.06124421792676249,0.02006521391249727,0.1944450083670606,-0.32024827692671376,354,153,0.46949602122015915,10,False,-0.08081585511399254,14724.952875509543,0.47249528755095427,0.4770607062047356,1.5016342779857852,-0.07653981577785096,145,56,0.58,10,False,-0.02996543122391524,-0.18033070518848449,0.8377173913043479
30,810de8977158,gap_down_reversal,"{""family"": ""gap_down_reversal"", ""gap_max"": -0.02, ""min_adv20"": 20000000.0, ""prev_return_max"": 0.0}",,0.04,1.5,10,82628.12442401225,7.262812442401225,0.12474182445114401,0.6475932247721956,-0.5046239264226995,11830,3245,2.613209631102275,10,False,-0.15942893235819872,14894.13532247476,0.48941353224747597,0.1418145700436777,0.7210540554134905,-0.1933055449279899,2074,527,2.739762219286658,10,False,-0.07568703065426137,3827.4610239719254,-0.6172538976028075,-0.2745600311480946,-1.2756125366239677,-0.6591928477013662,2540,569,3.3687002652519893,10,False,-0.09194362053944512,9579.583066704829,-0.04204169332951713,-0.04237079910003638,-0.08155598794892843,-0.20020797716027805,815,188,3.26,10,False,-0.0615032895089044,-0.07346083064129494,0.8364402173913044
31,08f00ed65665,gap_down_reversal,"{""family"": ""gap_down_reversal"", ""gap_max"": -0.02, ""min_adv20"": 20000000.0, ""prev_return_max"": 0.0}",,0.08,1.0,5,178294.49815723955,16.829449815723954,0.17393986195439703,0.7746146376445984,-0.43927881341506403,9080,3245,2.0057433178705546,5,False,-0.15433849018204635,14874.95493406152,0.48749549340615195,0.14132487130421234,0.6812603444043601,-0.16134853725550957,1567,527,2.07001321003963,5,False,-0.07046687873020771,3712.0628643894656,-0.6287937135610535,-0.2819446767174787,-1.2089290464480777,-0.6330852968316742,1813,569,2.4045092838196287,5,False,-0.12259149405259348,8070.379714440003,-0.19296202855599964,-0.1943449741265828,-0.760484278025823,-0.23070104409909042,582,188,2.328,5,False,-0.05902775518330809,-0.09335429324023825,0.8357608695652173
32,aeb583bdb7a4,gap_down_reversal,"{""family"": ""gap_down_reversal"", ""gap_max"": -0.03, ""min_adv20"": 20000000.0, ""prev_return_max"": 0.0}",,0.08,2.0,20,87548.34107916108,7.754834107916109,0.12836907892298965,0.6493817936179355,-0.49638914249793986,7458,2421,1.6474486414844267,20,False,-0.22596158620635917,15069.232583683508,0.5069232583683507,0.14626568732137035,0.707909674366098,-0.19989035586553294,1508,395,1.9920739762219286,20,False,-0.15402699588947824,6358.011035857782,-0.36419889641422176,-0.14045913771964602,-0.6728844386392928,-0.4833427561316279,1595,438,2.1153846153846154,20,False,-0.06950706923611852,10290.878390834381,0.02908783908343815,0.02932392093516234,0.23673993606634458,-0.18359083816609145,623,146,2.492,20,False,-0.07818727728783595,-0.05852788074816251,0.8354347826086957
33,aeb583bdb7a4,gap_down_reversal,"{""family"": ""gap_down_reversal"", ""gap_max"": -0.03, ""min_adv20"": 20000000.0, ""prev_return_max"": 0.0}",,0.08,1.5,5,154654.59517964674,14.465459517964675,0.16468122866628576,0.6366680234969009,-0.5529017144299704,5431,2421,1.1996907444223548,5,False,-0.23150773527306953,17635.62253247505,0.7635622532475048,0.20787438246181722,0.7654746904899496,-0.23662273479506435,945,395,1.2483487450462352,5,False,-0.10570031809531158,2841.5709567794556,-0.7158429043220544,-0.343295962926516,-1.1421984603682733,-0.7466109353980689,1164,438,1.5437665782493368,5,False,-0.16789863496485716,8353.989430981297,-0.16460105690187032,-0.16580213720245662,-0.36044163358716574,-0.3162097236715774,405,146,1.62,5,False,-0.08854163277496215,-0.12880666699304877,0.8351086956521738
34,810de8977158,gap_down_reversal,"{""family"": ""gap_down_reversal"", ""gap_max"": -0.02, ""min_adv20"": 20000000.0, ""prev_return_max"": 0.0}",,0.04,2.0,10,136830.57025161094,12.683057025161094,0.15676935551595594,0.6475932247721959,-0.6239025418172915,11830,3245,2.613209631102275,10,False,-0.21257190981093163,16483.7029363394,0.6483702936339399,0.18101663906976517,0.7210540554134907,-0.25619999878104827,2074,527,2.739762219286658,10,False,-0.10091604087234848,2678.508677831404,-0.7321491322168596,-0.3561394084971,-1.275612536623968,-0.7698553221418727,2540,569,3.3687002652519893,10,False,-0.12259149405259348,9339.40262825147,-0.06605973717485303,-0.06657022236013033,-0.08155598794892863,-0.25870918740712756,815,188,3.26,10,False,-0.08200438601187254,-0.07346083064129472,0.8297826086956522
35,5afba290676c,relative_weakness_reversal,"{""family"": ""relative_weakness_reversal"", ""gap_max"": -0.03, ""min_adv20"": 50000000.0, ""mom3_max"": -0.05, ""prev_return_percentile_max"": 0.2}",0.02,,3.0,5,104433.29112924723,9.443329112924722,0.1395009559568159,0.5973662207212763,-0.5999732756029301,1208,606,0.2668433841396068,5,False,-0.06599999999999999,22663.133393681313,1.2663133393681312,0.31305683682669616,0.9307275720585321,-0.20475553898385446,254,105,0.33553500660501984,5,False,-0.06599999999999999,10703.758695856404,0.07037586958564046,0.022990385001912417,0.21122880468718713,-0.3134906016527865,215,122,0.28514588859416445,5,False,-0.06599999999999999,12169.819464935323,0.2169819464935323,0.21889531774744464,0.7327052933298398,-0.20398450626685238,84,44,0.336,5,False,-0.06599999999999999,-0.33336135133725575,0.8291576086956521
36,16968da02607,gap_down_reversal,"{""family"": ""gap_down_reversal"", ""gap_max"": -0.03, ""min_adv20"": 20000000.0, ""prev_return_max"": -0.03}",,,1.0,5,80496.07659967766,7.049607659967766,0.12310628807236834,0.6186342736708001,-0.3322118569941037,1844,852,0.4073337751270157,5,False,-0.22672880647408783,15847.750275659875,0.5847750275659875,0.1656490668875854,0.9707476838243396,-0.17378689237456346,321,141,0.4240422721268164,5,False,-0.07959260386194993,9947.305181212218,-0.005269481878778293,-0.0017642515179283613,0.07569123812335006,-0.3002392754671822,292,153,0.38726790450928383,5,False,-0.08081585511399254,12666.714149092368,0.26667141490923685,0.26906913465659765,1.3495076989200707,-0.07653981577785174,120,56,0.48,5,False,-0.02996543122391524,-0.3521134101535395,0.8285326086956522
37,08f00ed65665,gap_down_reversal,"{""family"": ""gap_down_reversal"", ""gap_max"": -0.02, ""min_adv20"": 20000000.0, ""prev_return_max"": 0.0}",,0.08,2.0,10,184654.0171767457,17.46540171767457,0.1762323828277057,0.627603749653276,-0.6545839990520042,11830,3245,2.613209631102275,10,False,-0.25161344804955216,18333.56575273911,0.8333565752739109,0.22358195467718245,0.7496510736893177,-0.2598290031348548,2074,527,2.739762219286658,10,False,-0.12554773399016503,2657.3663125813014,-0.7342633687418698,-0.3578424539246302,-1.1259981401479753,-0.7768198815542869,2540,569,3.3687002652519893,10,False,-0.12259149405259348,9774.781340629666,-0.022521865937033314,-0.022699980291234656,0.12416733057790902,-0.3012166760137155,815,188,3.26,10,False,-0.0981865027586015,-0.12204732403604168,0.8264130434782608
38,810de8977158,gap_down_reversal,"{""family"": ""gap_down_reversal"", ""gap_max"": -0.02, ""min_adv20"": 20000000.0, ""prev_return_max"": 0.0}",,0.04,1.0,3,380746.07262220624,37.074607262220624,0.22458139872933436,0.8859676217185072,-0.5576262883735039,7024,3245,1.5515794124144024,3,False,-0.16753081229928338,15798.50904724591,0.579850904724591,0.16444213047959888,0.7255619123915684,-0.22480620619430358,1180,527,1.558784676354029,3,False,-0.09879523372291543,3319.932034710017,-0.6680067965289983,-0.3082439073647957,-1.0864252301045914,-0.692179834860061,1318,569,1.7480106100795756,3,False,-0.18655403884984126,5718.804324630006,-0.4281195675369994,-0.4306705113934275,-1.9162603875867874,-0.4244174132096815,427,188,1.708,3,False,-0.06526013340740673,-0.16040570932693876,0.826304347826087
39,39765112165e,gap_down_reversal,"{""family"": ""gap_down_reversal"", ""gap_max"": -0.03, ""min_adv20"": 20000000.0, ""prev_return_max"": 0.0}",,0.04,1.0,20,23091.91161573096,1.309191161573096,0.0476889405193448,0.6034947900859725,-0.25755115695648323,7458,2421,1.6474486414844267,20,False,-0.09625183751104043,12008.651086497288,0.20086510864972884,0.06282820592361893,0.7347472482522038,-0.1083719702935535,1508,395,1.9920739762219286,20,False,-0.06188573322794253,7497.198859180533,-0.2502801140819467,-0.09178417295903396,-1.1888460204531697,-0.30534176366619536,1595,438,2.1153846153846154,20,False,-0.03475353461805926,9853.984175752948,-0.014601582424705106,-0.014717531255620697,-0.10575569512132718,-0.0804684399644453,623,146,2.492,20,False,-0.035048109457235736,-0.13125245816623132,0.8245652173913043
40,5afba290676c,relative_weakness_reversal,"{""family"": ""relative_weakness_reversal"", ""gap_max"": -0.03, ""min_adv20"": 50000000.0, ""mom3_max"": -0.05, ""prev_return_percentile_max"": 0.2}",0.02,,1.0,3,28341.226019212583,1.8341226019212584,0.05970342368521231,0.5275302859360511,-0.33428269651670073,1003,606,0.22155953169869672,3,False,-0.022000000000000002,13984.201592746704,0.39842015927467034,0.11810287115020479,0.8380658545254362,-0.09561393086284942,192,105,0.2536327608982827,3,False,-0.022000000000000002,9774.12735298287,-0.022587264701712906,-0.00760654424026197,-0.002126208140402741,-0.17713424187219817,184,122,0.2440318302387268,3,False,-0.022000000000000002,10892.197367502398,0.08921973675023986,0.08996468308806227,0.6432235576784033,-0.08948554488355809,72,44,0.288,3,False,-0.022000000000000002,-0.31053556858938514,0.8237228260869567
41,aeb583bdb7a4,gap_down_reversal,"{""family"": ""gap_down_reversal"", ""gap_max"": -0.03, ""min_adv20"": 20000000.0, ""prev_return_max"": 0.0}",,0.08,4.0,10,1114095.7135863842,110.40957135863842,0.3000019274305441,0.7423802793227325,-0.8776868501010195,6477,2421,1.4307488402915838,10,False,-0.5032268960991043,29084.468275371757,1.9084468275371758,0.42675546063570224,0.8854664424536391,-0.43416428411346863,1195,395,1.5785997357992074,10,False,-0.23287056104162182,834.0982783848139,-0.9165901721615186,-0.564034713006689,-1.1823284342916622,-0.9387088244268375,1436,438,1.9045092838196287,10,False,-0.22386484661980952,8553.119065208206,-0.14468809347917944,-0.1457568324552735,0.1249359198028769,-0.4712021651526809,531,146,2.124,10,False,-0.196373005517203,-0.1430861631309066,0.8227173913043477
42,16968da02607,gap_down_reversal,"{""family"": ""gap_down_reversal"", ""gap_max"": -0.03, ""min_adv20"": 20000000.0, ""prev_return_max"": -0.03}",,,1.0,3,93072.2508420161,8.30722508420161,0.13221876915630548,0.5792026976395354,-0.4380665187304662,1506,852,0.3326706428098078,3,False,-0.20726884556817846,18676.013824475405,0.8676013824475406,0.23114330129643057,1.0722927920849115,-0.1721442382356595,250,141,0.33025099075297226,3,False,-0.09879523372291543,9662.307462014638,-0.033769253798536236,-0.011415584244177213,0.07814786595729294,-0.37985963104132403,248,153,0.32891246684350134,3,False,-0.11442184964845863,12193.168224070292,0.2193168224070292,0.22125259106849637,0.9095016896869886,-0.12815741881938914,101,56,0.404,3,False,-0.049942385373192066,-0.4930900944453761,0.8224456521739131
43,aeb583bdb7a4,gap_down_reversal,"{""family"": ""gap_down_reversal"", ""gap_max"": -0.03, ""min_adv20"": 20000000.0, ""prev_return_max"": 0.0}",,0.08,2.0,5,252388.8737105238,24.23888737105238,0.1968718306859858,0.636668023496901,-0.667793375531446,5431,2421,1.1996907444223548,5,False,-0.3086769803640927,20034.229870333013,1.0034229870333014,0.26025376398130673,0.7654746904899496,-0.320581952612794,945,395,1.2483487450462352,5,False,-0.14093375746041542,1736.987978245433,-0.8263012021754568,-0.442908174078943,-1.1421984603682733,-0.8495030068913284,1164,438,1.5437665782493368,5,False,-0.22386484661980952,7671.439431625947,-0.2328560568374053,-0.23448117427245685,-0.36044163358716597,-0.4031549615928445,405,146,1.62,5,False,-0.11805551036661618,-0.12880666699304866,0.8220652173913044
44,39765112165e,gap_down_reversal,"{""family"": ""gap_down_reversal"", ""gap_max"": -0.03, ""min_adv20"": 20000000.0, ""prev_return_max"": 0.0}",,0.04,3.0,10,269527.974882241,25.9527974882241,0.20125718832367467,0.7058966846421071,-0.7393073760048747,6477,2421,1.4307488402915838,10,False,-0.31885786471639743,21290.702221399097,1.1290702221399096,0.28603310557258577,0.8945520475338474,-0.3490319132441875,1195,395,1.5785997357992074,10,False,-0.13467476493358843,1508.4449992389193,-0.8491555000761081,-0.46856497858225454,-1.504313304285819,-0.8760454396957894,1436,438,1.9045092838196287,10,False,-0.16789863496485716,8596.972287237932,-0.14030277127620683,-0.1413418607185709,-0.15826569865987022,-0.3026275482496784,531,146,2.124,10,False,-0.1230065790178088,-0.18865536289174034,0.8219021739130435
45,16968da02607,gap_down_reversal,"{""family"": ""gap_down_reversal"", ""gap_max"": -0.03, ""min_adv20"": 20000000.0, ""prev_return_max"": -0.03}",,,3.0,10,437436.59343523014,42.743659343523014,0.23407963930245868,0.6500300923952478,-0.7998245629800016,2333,852,0.5153523304616744,10,False,-0.44086833913440254,20650.729543238656,1.0650729543238655,0.27303337402578554,0.8303607975837322,-0.32819092431976105,463,141,0.6116248348745046,10,False,-0.17197277713369236,10402.497233842165,0.04024972338421651,0.013275842917568115,0.19444500836706066,-0.4554441897685466,354,153,0.46949602122015915,10,False,-0.12122378267098881,17440.036252513597,0.7440036252513598,0.7517808015516438,1.5016342779857852,-0.11372527420066914,145,56,0.58,10,False,-0.04494814683587286,-0.18033070518848437,0.8214945652173912
46,08f00ed65665,gap_down_reversal,"{""family"": ""gap_down_reversal"", ""gap_max"": -0.02, ""min_adv20"": 20000000.0, ""prev_return_max"": 0.0}",,0.08,1.5,5,496614.1796984102,48.66141796984102,0.24282679181153388,0.7746146376445985,-0.5958093309669477,9080,3245,2.0057433178705546,5,False,-0.23150773527306953,17073.130635902988,0.7073130635902987,0.19491063255461705,0.6812603444043603,-0.24875694264336634,1567,527,2.07001321003963,5,False,-0.10570031809531158,2105.0403882041505,-0.789495961179585,-0.405951656467444,-1.2089290464480773,-0.7917492178469723,1813,569,2.4045092838196287,5,False,-0.18388724107889023,7092.163273539182,-0.29078367264608174,-0.292730459470363,-0.7604842780258226,-0.3278564760001653,582,188,2.328,5,False,-0.08854163277496215,-0.09335429324023814,0.8211684782608696
47,aeb583bdb7a4,gap_down_reversal,"{""family"": ""gap_down_reversal"", ""gap_max"": -0.03, ""min_adv20"": 20000000.0, ""prev_return_max"": 0.0}",,0.08,3.0,20,183127.14810282853,17.312714810282852,0.1756888476957832,0.6493817936179357,-0.6818034643558986,7458,2421,1.6474486414844267,20,False,-0.33894237930953874,17441.58795398888,0.7441587953988882,0.20343405041468254,0.7079096743660979,-0.30139335232349596,1508,395,1.9920739762219286,20,False,-0.23104049383421735,4866.73873595677,-0.513326126404323,-0.2139150618589334,-0.6728844386392929,-0.6397148745000865,1595,438,2.1153846153846154,20,False,-0.10426060385417779,10213.10719937402,0.02131071993740208,0.021483024048520205,0.2367399360663444,-0.26812882790836257,623,146,2.492,20,False,-0.11728091593175394,-0.058527880748162175,0.8191576086956522
48,5afba290676c,relative_weakness_reversal,"{""family"": ""relative_weakness_reversal"", ""gap_max"": -0.03, ""min_adv20"": 50000000.0, ""mom3_max"": -0.05, ""prev_return_percentile_max"": 0.2}",0.02,,1.5,3,43383.992843538785,3.338399284353878,0.08511954896779406,0.5275302859360511,-0.4614170404499317,1003,606,0.22155953169869672,3,False,-0.033,16180.788480474936,0.6180788480474935,0.17374709507923147,0.8380658545254361,-0.1410976581653124,192,105,0.2536327608982827,3,False,-0.033,9511.8624746144,-0.04881375253856002,-0.016586942389760884,-0.0021262081404028977,-0.25738831552665786,184,122,0.2440318302387268,3,False,-0.033,11281.838195990984,0.1281838195990983,0.12927289881093484,0.643223557678403,-0.13203223117528629,72,44,0.288,3,False,-0.033,-0.310535568589385,0.818695652173913
49,39765112165e,gap_down_reversal,"{""family"": ""gap_down_reversal"", ""gap_max"": -0.03, ""min_adv20"": 20000000.0, ""prev_return_max"": 0.0}",,0.04,1.5,20,33461.76728327721,2.3461767283277206,0.06954617705719479,0.6034947900859726,-0.3720836649968684,7458,2421,1.6474486414844267,20,False,-0.14437775626656063,13043.747441910838,0.3043747441910838,0.09248792305242293,0.7347472482522037,-0.1609715694134406,1508,395,1.9920739762219286,20,False,-0.0928285998419138,6446.5986609197635,-0.35534013390802366,-0.13647491172751836,-1.188846020453169,-0.42429656036513286,1595,438,2.1153846153846154,20,False,-0.052130301927088896,9748.108536627375,-0.025189146337262547,-0.02538807965199208,-0.10575569512132726,-0.11972701219945026,623,146,2.492,20,False,-0.05257216418585361,-0.1312524581662311,0.8169836956521739
50,5afba290676c,relative_weakness_reversal,"{""family"": ""relative_weakness_reversal"", ""gap_max"": -0.03, ""min_adv20"": 50000000.0, ""mom3_max"": -0.05, ""prev_return_percentile_max"": 0.2}",0.02,,4.0,5,176526.19203852603,16.652619203852602,0.1732886872480548,0.5973662207212764,-0.71155327607005,1208,606,0.2668433841396068,5,False,-0.088,27742.425080740082,1.7742425080740083,0.40449331185585935,0.9307275720585323,-0.2658290056065118,254,105,0.33553500660501984,5,False,-0.088,10404.943918571795,0.0404943918571794,0.013355488792166526,0.21122880468718738,-0.39822217175892605,215,122,0.28514588859416445,5,False,-0.088,12721.836912942423,0.27218369129424236,0.27463612384277036,0.7327052933298395,-0.26472247589083164,84,44,0.336,5,False,-0.088,-0.33336135133725586,0.816875
51,16968da02607,gap_down_reversal,"{""family"": ""gap_down_reversal"", ""gap_max"": -0.03, ""min_adv20"": 20000000.0, ""prev_return_max"": -0.03}",,,1.5,5,163753.63506629772,15.375363506629771,0.16839356987804255,0.6186342736707998,-0.5120214804490566,1844,852,0.4073337751270157,5,False,-0.3400932097111317,19302.23289806821,0.930223289806821,0.24473457824525546,0.9707476838243395,-0.25901110014325,321,141,0.4240422721268164,5,False,-0.1193889057929249,9600.504542253746,-0.039949545774625395,-0.013533448559278849,0.07569123812335002,-0.4204974019879879,292,153,0.38726790450928383,5,False,-0.12122378267098881,14085.835902808329,0.4085835902808328,0.412449358242891,1.3495076989200707,-0.11372527420066958,120,56,0.48,5,False,-0.04494814683587286,-0.3521134101535397,0.813125
52,5afba290676c,relative_weakness_reversal,"{""family"": ""relative_weakness_reversal"", ""gap_max"": -0.03, ""min_adv20"": 50000000.0, ""mom3_max"": -0.05, ""prev_return_percentile_max"": 0.2}",0.02,,2.0,3,62568.22431726748,5.256822431726748,0.10746455544120415,0.5275302859360511,-0.5667178458223837,1003,606,0.22155953169869672,3,False,-0.044000000000000004,18469.820916376295,0.8469820916376294,0.22660169952515474,0.8380658545254362,-0.18504150940197972,192,105,0.2536327608982827,3,False,-0.044000000000000004,9165.230063159877,-0.08347699368401229,-0.028712830489589947,-0.002126208140402741,-0.3321004457209944,184,122,0.2440318302387268,3,False,-0.044000000000000004,11630.96012144704,0.16309601214470404,0.1645026769287674,0.6432235576784033,-0.1731428560064674,72,44,0.288,3,False,-0.044000000000000004,-0.31053556858938514,0.8130706521739132
53,59b1c0c0d28c,strength_pullback,"{""family"": ""strength_pullback"", ""gap_max"": -0.05, ""min_adv20"": 20000000.0, ""mom3_min"": null, ""prev_return_min"": 0.03}",0.02,0.08,4.0,20,24591.18137814086,1.459118137814086,0.0513640607382877,0.5045299575467331,-0.15212954047185745,930,405,0.20543406229290923,20,False,-0.06926035411855273,15009.209981860959,0.5009209981860958,0.14474376836159153,0.7099618527865028,-0.08736322824520681,250,67,0.33025099075297226,20,False,-0.037582934872119354,9882.687239913934,-0.011731276008606573,-0.003936209995527351,-0.07276009945497515,-0.05198123925813136,106,69,0.14058355437665782,10,False,-0.0132,8164.997684755025,-0.18350023152449746,-0.1848233814400344,-1.7160731593797838,-0.19916159748872897,66,23,0.264,20,False,-0.0836,-0.20543189523976968,0.8097554347826088
54,39765112165e,gap_down_reversal,"{""family"": ""gap_down_reversal"", ""gap_max"": -0.03, ""min_adv20"": 20000000.0, ""prev_return_max"": 0.0}",,0.04,4.0,10,469780.42073568347,45.978042073568346,0.2389897366440823,0.7058966846421072,-0.8604306611788036,6477,2421,1.4307488402915838,10,False,-0.42514381962186326,25229.618280406637,1.5229618280406636,0.360796712438473,0.8945520475338474,-0.4482794387113981,1195,395,1.5785997357992074,10,False,-0.17956635324478457,725.6198958643175,-0.9274380104135682,-0.5838699644584516,-1.5043133042858197,-0.9434675435005485,1436,438,1.9045092838196287,10,False,-0.22386484661980952,7864.071578324714,-0.2135928421675286,-0.21510305732203994,-0.15826569865987034,-0.392081421009832,531,146,2.124,10,False,-0.1640087720237451,-0.18865536289174023,0.8094021739130436
55,39765112165e,gap_down_reversal,"{""family"": ""gap_down_reversal"", ""gap_max"": -0.03, ""min_adv20"": 20000000.0, ""prev_return_max"": 0.0}",,0.04,2.0,20,46939.63564435698,3.6939635644356983,0.08988815435397868,0.6034947900859725,-0.48179253095537744,7458,2421,1.6474486414844267,20,False,-0.19250367502208085,14084.09176347818,0.4084091763478179,0.12075527480491521,0.7347472482522038,-0.21236964484522491,1508,395,1.9920739762219286,20,False,-0.12377146645588506,5517.480612189839,-0.4482519387810161,-0.18024276304461095,-1.1888460204531697,-0.5247009396492459,1595,438,2.1153846153846154,20,False,-0.06950706923611852,9621.170301739936,-0.03788296982600636,-0.038180173299773634,-0.10575569512132718,-0.15828372470619412,623,146,2.492,20,False,-0.07009621891447147,-0.13125245816623132,0.8091847826086956
56,810de8977158,gap_down_reversal,"{""family"": ""gap_down_reversal"", ""gap_max"": -0.02, ""min_adv20"": 20000000.0, ""prev_return_max"": 0.0}",,0.04,3.0,10,274485.2236224108,26.44852236224108,0.20247651382642728,0.6475932247721956,-0.7980310559230982,11830,3245,2.613209631102275,10,False,-0.31885786471639743,19253.826297376945,0.9253826297376946,0.24369455729179546,0.7210540554134905,-0.37698268643056576,2074,527,2.739762219286658,10,False,-0.15137406130852274,1238.710977392638,-0.8761289022607363,-0.5024294238981624,-1.2756125366239677,-0.9004524574229029,2540,569,3.3687002652519893,10,False,-0.18388724107889023,8729.337506344598,-0.12706624936554012,-0.12801475661769735,-0.08155598794892843,-0.364674879813387,815,188,3.26,10,False,-0.1230065790178088,-0.07346083064129494,0.8086684782608695
57,5afba290676c,relative_weakness_reversal,"{""family"": ""relative_weakness_reversal"", ""gap_max"": -0.03, ""min_adv20"": 50000000.0, ""mom3_max"": -0.05, ""prev_return_percentile_max"": 0.2}",0.02,,1.0,10,20196.044572000832,1.0196044572000833,0.039903299579272744,0.5928369939835153,-0.1545814651488926,1473,606,0.32538104705102716,10,False,-0.022,11508.630755298496,0.15086307552984968,0.04788674754853073,0.6152369144218486,-0.09811443047255808,354,105,0.4676354029062087,10,False,-0.022,9952.497691803726,-0.004750230819627332,-0.0015901274477010396,0.015825748974901948,-0.10004088343638184,275,122,0.3647214854111406,10,False,-0.022,10226.941889637972,0.022694188963797268,0.022877803651818462,0.3796087767426771,-0.059585781759237455,107,44,0.428,10,False,-0.022,-0.022399920438333276,0.8086413043478261
58,810de8977158,gap_down_reversal,"{""family"": ""gap_down_reversal"", ""gap_max"": -0.02, ""min_adv20"": 20000000.0, ""prev_return_max"": 0.0}",,0.04,1.5,3,1396849.59777615,138.684959777615,0.31647285554686766,0.8859676217185072,-0.7194713395866357,7024,3245,1.5515794124144024,3,False,-0.2512962184489251,18424.69828713652,0.8424698287136521,0.22560332342991418,0.7255619123915683,-0.32959376221552117,1180,527,1.558784676354029,3,False,-0.14819285058437315,1716.894008970634,-0.8283105991029366,-0.4450704192430782,-1.0864252301045916,-0.8466368052878046,1318,569,1.7480106100795756,3,False,-0.2798310582747619,4200.525196241191,-0.5799474803758808,-0.5828521372186046,-1.9162603875867872,-0.5758122715581214,427,188,1.708,3,False,-0.0978902001111101,-0.16040570932693887,0.8082336956521738
59,59b1c0c0d28c,strength_pullback,"{""family"": ""strength_pullback"", ""gap_max"": -0.05, ""min_adv20"": 20000000.0, ""mom3_min"": null, ""prev_return_min"": 0.03}",0.02,0.08,3.0,20,20000.317145580953,1.0000317145580953,0.03933970908708506,0.5045299575467329,-0.11608316831781695,930,405,0.20543406229290923,20,False,-0.051945265588914546,13709.366555774539,0.3709366555774538,0.11073927718502308,0.7099618527865029,-0.0661827804979509,250,67,0.33025099075297226,20,False,-0.028187201154089514,9916.743292356236,-0.008325670764376403,-0.0027903328286820184,-0.07276009945497555,-0.03919014509234564,106,69,0.14058355437665782,10,False,-0.0099,8601.122796876738,-0.1398877203123262,-0.14092399421267987,-1.7160731593797836,-0.1523065272704347,66,23,0.264,20,False,-0.0627,-0.20543189523977,0.807907608695652
60,16968da02607,gap_down_reversal,"{""family"": ""gap_down_reversal"", ""gap_max"": -0.03, ""min_adv20"": 20000000.0, ""prev_return_max"": -0.03}",,,4.0,10,588503.3222273366,57.850332222733655,0.254627638119602,0.6500300923952478,-0.9116946398245583,2333,852,0.5153523304616744,10,False,-0.5878244521792034,24123.17165935564,1.4123171659355642,0.34063247887082126,0.8303607975837323,-0.4318795716238172,463,141,0.6116248348745046,10,False,-0.22929703617825647,9887.146728960694,-0.011285327103930598,-0.0037860130254984137,0.1944450083670606,-0.572046430617035,354,153,0.46949602122015915,10,False,-0.1616317102279851,20372.086924882504,1.0372086924882504,1.0488388695044466,1.5016342779857852,-0.15015851920220724,145,56,0.58,10,False,-0.05993086244783048,-0.18033070518848449,0.8060326086956523
61,d3fb518fbd7b,gap_down_reversal,"{""family"": ""gap_down_reversal"", ""gap_max"": -0.08, ""min_adv20"": 20000000.0, ""prev_return_max"": -0.03}",,0.08,1.5,10,20428.64868246952,1.042864868246952,0.040566406352854134,0.5660058516355271,-0.13613903944688444,353,228,0.07797658493483543,10,False,-0.0932709805056803,11734.720733506141,0.1734720733506141,0.05469526174409567,0.6105271361154173,-0.08402243156436451,77,31,0.10171730515191546,10,False,-0.06120579722918745,10501.66063564918,0.05016606356491793,0.01649392864683974,0.3408774214638033,-0.04716324026382934,65,43,0.08620689655172414,6,False,-0.03300298125933332,10143.354956022917,0.014335495602291637,0.014451004269057766,0.409024186491837,-0.0284340032888315,22,18,0.088,3,False,-0.01250856021722277,-0.04452128447989023,0.8057608695652174
62,d3fb518fbd7b,gap_down_reversal,"{""family"": ""gap_down_reversal"", ""gap_max"": -0.08, ""min_adv20"": 20000000.0, ""prev_return_max"": -0.03}",,0.08,2.0,10,25382.025408501635,1.5382025408501634,0.05321821439998442,0.566005851635527,-0.17805937365146973,353,228,0.07797658493483543,10,False,-0.12436130734090707,12308.373367216414,0.23083733672164142,0.07158633995455355,0.6105271361154174,-0.11136877211551088,77,31,0.10171730515191546,10,False,-0.0816077296389166,10655.484647429494,0.0655484647429494,0.02144608621692501,0.3408774214638033,-0.06277009178068826,65,43,0.08620689655172414,6,False,-0.04400397501244443,10188.584045633263,0.018858404563326214,0.019010696879208977,0.40902418649183714,-0.03782549837725624,22,18,0.088,3,False,-0.01667808028963036,-0.044521284479890455,0.8052173913043479
63,08f00ed65665,gap_down_reversal,"{""family"": ""gap_down_reversal"", ""gap_max"": -0.02, ""min_adv20"": 20000000.0, ""prev_return_max"": 0.0}",,0.08,2.0,5,1041852.5458459314,103.18525458459314,0.29515936787026775,0.7746146376445984,-0.7161421226486686,9080,3245,2.0057433178705546,5,False,-0.3086769803640927,18823.908430364983,0.8823908430364984,0.23438026469321072,0.6812603444043601,-0.33703759208062833,1567,527,2.07001321003963,5,False,-0.14093375746041542,1136.0291333093683,-0.8863970866690631,-0.5166133816948333,-1.2089290464480777,-0.8876100091801165,1813,569,2.4045092838196287,5,False,-0.24518298810518696,6142.122191299462,-0.3857877808700537,-0.3881781263759795,-0.760484278025823,-0.41451086699281614,582,188,2.328,5,False,-0.11805551036661618,-0.09335429324023825,0.8051086956521739
64,08f00ed65665,gap_down_reversal,"{""family"": ""gap_down_reversal"", ""gap_max"": -0.02, ""min_adv20"": 20000000.0, ""prev_return_max"": 0.0}",,0.08,3.0,10,311264.13340358,30.126413340358,0.2109230032269478,0.627603749653276,-0.8385608113672846,11830,3245,2.613209631102275,10,False,-0.37742017207432826,21719.774024867696,1.1719774024867697,0.29460348495953426,0.7496510736893178,-0.39397136765094254,2074,527,2.739762219286658,10,False,-0.18832160098524756,1198.3401179136367,-0.8801659882086363,-0.5079090952858742,-1.1259981401479753,-0.906289502275641,2540,569,3.3687002652519893,10,False,-0.18388724107889023,9184.87129844027,-0.08151287015597297,-0.08213743019505737,0.12416733057790907,-0.4201862453985895,815,188,3.26,10,False,-0.14727975413790223,-0.1220473240360418,0.8044836956521739
65,aeb583bdb7a4,gap_down_reversal,"{""family"": ""gap_down_reversal"", ""gap_max"": -0.03, ""min_adv20"": 20000000.0, ""prev_return_max"": 0.0}",,0.08,4.0,20,299736.18754090485,28.973618754090484,0.20838178184013412,0.6493817936179355,-0.8305968474989563,7458,2421,1.6474486414844267,20,False,-0.45192317241271834,19396.690112690103,0.9396690112690103,0.2467590021491839,0.707909674366098,-0.40339696230282374,1508,395,1.9920739762219286,20,False,-0.3080539917789565,3628.558478886507,-0.6371441521113492,-0.28738421585158236,-0.6728844386392928,-0.7537514995493408,1595,438,2.1153846153846154,20,False,-0.13901413847223704,9993.535059203843,-0.0006464940796157004,-0.0006516643466993877,0.23673993606634458,-0.34759206446008306,623,146,2.492,20,False,-0.1563745545756719,-0.05852788074816251,0.8043478260869565
66,39765112165e,gap_down_reversal,"{""family"": ""gap_down_reversal"", ""gap_max"": -0.03, ""min_adv20"": 20000000.0, ""prev_return_max"": 0.0}",,0.04,1.0,5,48541.39283587607,3.8541392835876067,0.09192579677595436,0.5957682714542818,-0.4207926455845816,5431,2421,1.1996907444223548,5,False,-0.15433849018204635,13648.269679634075,0.3648269679634075,0.10908896878046459,0.7118431831959913,-0.1927161098898177,945,395,1.2483487450462352,5,False,-0.06588336889533108,4297.899095059954,-0.5702100904940046,-0.24590196935632125,-1.3517090083427141,-0.6007089520655018,1164,438,1.5437665782493368,5,False,-0.11193242330990476,9202.180308278632,-0.07978196917213687,-0.08039385527595067,-0.3627661869308343,-0.15266061351877547,405,146,1.62,5,False,-0.05537340229078043,-0.11607491174170947,0.8042934782608695
67,d3fb518fbd7b,gap_down_reversal,"{""family"": ""gap_down_reversal"", ""gap_max"": -0.08, ""min_adv20"": 20000000.0, ""prev_return_max"": -0.03}",,0.08,1.0,10,16273.126002435323,0.6273126002435323,0.02747613837505325,0.566005851635527,-0.09252211154160717,353,228,0.07797658493483543,10,False,-0.062180653670453535,11157.032227587171,0.11570322275871714,0.037119082587258045,0.6105271361154174,-0.0563455226947307,77,31,0.10171730515191546,10,False,-0.0408038648194583,10340.898012329377,0.03408980123293759,0.011266506868579995,0.3408774214638033,-0.03149717863578927,65,43,0.08620689655172414,6,False,-0.022001987506222214,10096.835749560663,0.00968357495606642,0.009761420438058721,0.40902418649183714,-0.018999103978220244,22,18,0.088,3,False,-0.00833904014481518,-0.044521284479890455,0.8036413043478261
68,16968da02607,gap_down_reversal,"{""family"": ""gap_down_reversal"", ""gap_max"": -0.03, ""min_adv20"": 20000000.0, ""prev_return_max"": -0.03}",,,1.5,3,170170.10528339905,16.017010528339906,0.1708960822135126,0.5792026976395356,-0.6212992403551415,1506,852,0.3326706428098078,3,False,-0.31090326835226767,24258.06982490401,1.4258069824904012,0.3431235017863312,1.0722927920849117,-0.26329937492753996,250,141,0.33025099075297226,3,False,-0.14819285058437315,8876.861266002787,-0.11231387339972132,-0.03903538429517461,0.07814786595729295,-0.5197152367360071,248,153,0.32891246684350134,3,False,-0.1716327744726879,13181.71189760885,0.318171189760885,0.3210875199743113,0.9095016896869884,-0.18891959230252753,101,56,0.404,3,False,-0.0749135780597881,-0.4930900944453761,0.803070652173913
69,37e8e6129018,relative_weakness_reversal,"{""family"": ""relative_weakness_reversal"", ""gap_max"": -0.03, ""min_adv20"": 50000000.0, ""mom3_max"": -0.05, ""prev_return_percentile_max"": 0.2}",0.06,,1.0,5,34738.66905949335,2.4738669059493352,0.0717781731828322,0.5112564185675321,-0.2324198735999382,1208,606,0.2668433841396068,5,False,-0.062,13549.977006317096,0.35499770063170955,0.10642357859071216,0.793611312786592,-0.12725611803630843,254,105,0.33553500660501984,5,False,-0.062,12622.000799630327,0.26220007996303263,0.08093310024131783,0.5617707594949626,-0.1139020145824392,215,122,0.28514588859416445,5,False,-0.062,11262.699748381823,0.12626997483818236,0.12734189411437424,0.7900676088273487,-0.07332310761615612,84,44,0.336,5,False,-0.0331909064525832,-0.2823548942190599,0.8016304347826086
70,5afba290676c,relative_weakness_reversal,"{""family"": ""relative_weakness_reversal"", ""gap_max"": -0.03, ""min_adv20"": 50000000.0, ""mom3_max"": -0.05, ""prev_return_percentile_max"": 0.2}",0.02,,1.5,10,27861.071962762417,1.7861071962762418,0.05869594713177073,0.5928369939835153,-0.22397725847628092,1473,606,0.32538104705102716,10,False,-0.032999999999999995,12258.984950706095,0.22589849507060955,0.07015303551981389,0.6152369144218485,-0.1452575275333967,354,105,0.4676354029062087,10,False,-0.032999999999999995,9869.757077064232,-0.013024292293576711,-0.004371957131194648,0.015825748974902003,-0.14795279585935917,275,122,0.3647214854111406,10,False,-0.032999999999999995,10326.61960525024,0.032661960525024014,0.03292751184721898,0.3796087767426769,-0.08837556184421946,107,44,0.428,10,False,-0.032999999999999995,-0.022399920438333165,0.8007336956521739
71,16968da02607,gap_down_reversal,"{""family"": ""gap_down_reversal"", ""gap_max"": -0.03, ""min_adv20"": 20000000.0, ""prev_return_max"": -0.03}",,,2.0,5,266307.2364307451,25.63072364307451,0.20045358786450218,0.6186342736708001,-0.6732822022876503,1844,852,0.4073337751270157,5,False,-0.45345761294817566,23003.042540250113,1.3003042540250114,0.3195801913864431,0.9707476838243396,-0.3415649593785758,321,141,0.4240422721268164,5,False,-0.15918520772389985,9070.739798490025,-0.09292602015099749,-0.03207111159418852,0.07569123812335006,-0.5234799899567032,292,153,0.38726790450928383,5,False,-0.1616317102279851,15548.503700004501,0.5548503700004501,0.5603503048572285,1.3495076989200707,-0.15015851920220713,120,56,0.48,5,False,-0.05993086244783048,-0.3521134101535395,0.799945652173913
72,59b1c0c0d28c,strength_pullback,"{""family"": ""strength_pullback"", ""gap_max"": -0.05, ""min_adv20"": 20000000.0, ""mom3_min"": null, ""prev_return_min"": 0.03}",0.02,0.08,2.0,20,16075.408002715445,0.6075408002715446,0.026777196528902314,0.5045299575467331,-0.07873704921876223,930,405,0.20543406229290923,20,False,-0.03463017705927637,12436.746323686952,0.24367463236869513,0.07529400036049094,0.7099618527865028,-0.04456711980265027,250,67,0.33025099075297226,20,False,-0.018791467436059677,9947.680321621432,-0.0052319678378568435,-0.0017516696458025338,-0.07276009945497515,-0.02626350192076421,106,69,0.14058355437665782,10,False,-0.0066,9052.157815375114,-0.09478421846248852,-0.09550507637111871,-1.7160731593797838,-0.10352962811799371,66,23,0.264,20,False,-0.0418,-0.20543189523976968,0.7995108695652174
73,aeb583bdb7a4,gap_down_reversal,"{""family"": ""gap_down_reversal"", ""gap_max"": -0.03, ""min_adv20"": 20000000.0, ""prev_return_max"": 0.0}",,0.08,3.0,5,345027.10218890384,33.502710218890385,0.21788461130553927,0.6366680234969009,-0.8887182495830206,5431,2421,1.1996907444223548,5,False,-0.46301547054613906,23593.668678414826,1.3593668678414828,0.33076387825761033,0.7654746904899496,-0.48357724257410395,945,395,1.2483487450462352,5,False,-0.21140063619062316,577.7907311549016,-0.9422209268845099,-0.6143777826753696,-1.1421984603682733,-0.9520900001293058,1164,438,1.5437665782493368,5,False,-0.3357972699297143,6229.115285659411,-0.3770884714340589,-0.3794428560797294,-0.36044163358716574,-0.5519746225450275,405,146,1.62,5,False,-0.1770832655499243,-0.12880666699304877,0.7969565217391305
74,810de8977158,gap_down_reversal,"{""family"": ""gap_down_reversal"", ""gap_max"": -0.02, ""min_adv20"": 20000000.0, ""prev_return_max"": 0.0}",,0.04,4.0,10,355440.38981375215,34.544038981375216,0.21990212984234803,0.6475932247721959,-0.9052338591786534,11830,3245,2.613209631102275,10,False,-0.42514381962186326,21093.97260050849,1.1093972600508488,0.2820650298656111,0.7210540554134907,-0.48873143341755476,2074,527,2.739762219286658,10,False,-0.20183208174469697,529.2315326245404,-0.947076846737546,-0.6255273945185629,-1.275612536623968,-0.9599864200242576,2540,569,3.3687002652519893,10,False,-0.24518298810518696,7976.505810829029,-0.20234941891709712,-0.2037908074133299,-0.08155598794892863,-0.45725546631475755,815,188,3.26,10,False,-0.1640087720237451,-0.07346083064129472,0.7965760869565218
75,d3fb518fbd7b,gap_down_reversal,"{""family"": ""gap_down_reversal"", ""gap_max"": -0.08, ""min_adv20"": 20000000.0, ""prev_return_max"": -0.03}",,0.08,3.0,10,38021.65733574154,2.802165733574154,0.07717932810093986,0.5660058516355271,-0.25700423892150925,353,228,0.07797658493483543,10,False,-0.1865419610113606,13432.493278983946,0.3432493278983946,0.10322081047332787,0.6105271361154173,-0.16506974826234078,77,31,0.10171730515191546,10,False,-0.1224115944583749,10940.928004061887,0.09409280040618873,0.030510886363712242,0.3408774214638033,-0.09379386759863517,65,43,0.08620689655172414,6,False,-0.06600596251866664,10275.101216534043,0.027510121653404385,0.027733226687741253,0.409024186491837,-0.05647739073082725,22,18,0.088,3,False,-0.02501712043444554,-0.04452128447989023,0.7958695652173913
76,5afba290676c,relative_weakness_reversal,"{""family"": ""relative_weakness_reversal"", ""gap_max"": -0.03, ""min_adv20"": 50000000.0, ""mom3_max"": -0.05, ""prev_return_percentile_max"": 0.2}",0.02,,2.0,10,37735.256899532425,2.7735256899532423,0.07672604437498398,0.5928369939835153,-0.2884853527775665,1473,606,0.32538104705102716,10,False,-0.044,12998.827462710964,0.29988274627109646,0.09123403717680278,0.6152369144218486,-0.1910501789599628,354,105,0.4676354029062087,10,False,-0.044,9751.182686885637,-0.02488173131143634,-0.008385757848801134,0.015825748974901948,-0.19438833199599415,275,122,0.3647214854111406,10,False,-0.044,10416.951834261847,0.04169518342618472,0.04203565979389112,0.3796087767426771,-0.11651007708655514,107,44,0.428,10,False,-0.044,-0.022399920438333276,0.7953804347826087
77,5afba290676c,relative_weakness_reversal,"{""family"": ""relative_weakness_reversal"", ""gap_max"": -0.03, ""min_adv20"": 50000000.0, ""mom3_max"": -0.05, ""prev_return_percentile_max"": 0.2}",0.02,,3.0,3,109844.51055044694,9.984451055044694,0.14270985332245334,0.5275302859360511,-0.7242646401942812,1003,606,0.22155953169869672,3,False,-0.066,23158.31067258755,1.3158310672587552,0.32253862793793187,0.8380658545254361,-0.268352200412429,192,105,0.2536327608982827,3,False,-0.066,8271.800372873382,-0.17281996271266176,-0.06144334725163969,-0.0021262081404028977,-0.4652318138036021,184,122,0.2440318302387268,3,False,-0.066,12201.549209198725,0.22015492091987254,0.22209873789205314,0.643223557678403,-0.25114560435643773,72,44,0.288,3,False,-0.066,-0.310535568589385,0.7948369565217391
78,810de8977158,gap_down_reversal,"{""family"": ""gap_down_reversal"", ""gap_max"": -0.02, ""min_adv20"": 20000000.0, ""prev_return_max"": 0.0}",,0.04,2.0,3,3561762.444997781,355.1762444997781,0.3868867252482091,0.8859676217185072,-0.8278498470000546,7024,3245,1.5515794124144024,3,False,-0.33506162459856675,20418.467122512535,1.0418467122512536,0.2682490074899482,0.7255619123915684,-0.4272723151805238,1180,527,1.558784676354029,3,False,-0.19759046744583086,820.7271944393682,-0.9179272805560632,-0.5663830621277184,-1.0864252301045914,-0.9293463247810078,1318,569,1.7480106100795756,3,False,-0.3731080776996825,3024.2219776621987,-0.6975778022337802,-0.7004574142091331,-1.9162603875867874,-0.693553517975823,427,188,1.708,3,False,-0.13052026681481346,-0.16040570932693876,0.7946739130434783
79,39765112165e,gap_down_reversal,"{""family"": ""gap_down_reversal"", ""gap_max"": -0.03, ""min_adv20"": 20000000.0, ""prev_return_max"": 0.0}",,0.04,1.0,3,65370.098110094856,5.537009811009486,0.11016849438018461,0.5634201491801213,-0.462174372457281,4517,2421,0.9977910315882483,3,False,-0.16753081229928338,14523.22128726922,0.4523221287269219,0.13226901531367674,0.6852841301927333,-0.18259202880432224,763,395,1.0079260237780714,3,False,-0.09879523372291543,3475.4726467653322,-0.6524527353234668,-0.2975768737226321,-1.174066086227366,-0.6741186481652519,930,438,1.23342175066313,3,False,-0.18655403884984126,7334.792785861208,-0.26652072141387917,-0.2683372383486229,-1.1246155148611183,-0.3147277259481833,311,146,1.244,3,False,-0.06526013340740673,-0.12186398101261198,0.7945108695652174
80,39765112165e,gap_down_reversal,"{""family"": ""gap_down_reversal"", ""gap_max"": -0.03, ""min_adv20"": 20000000.0, ""prev_return_max"": 0.0}",,0.04,3.0,20,83536.94697648684,7.3536946976486846,0.1254269163115469,0.6034947900859726,-0.6676324271979767,7458,2421,1.6474486414844267,20,False,-0.28875551253312126,16126.377830006908,0.6126377830006908,0.1724317152283934,0.7347472482522037,-0.3111826230545359,1508,395,1.9920739762219286,20,False,-0.1856571996838276,3985.258982855375,-0.6014741017144625,-0.26469827615114094,-1.188846020453169,-0.6797767814443461,1595,438,2.1153846153846154,20,False,-0.10426060385417779,9307.334294412201,-0.06926657055877983,-0.06980089913261256,-0.10575569512132726,-0.23315249290864948,623,146,2.492,20,False,-0.10514432837170722,-0.1312524581662311,0.7942663043478261
81,59b1c0c0d28c,strength_pullback,"{""family"": ""strength_pullback"", ""gap_max"": -0.05, ""min_adv20"": 20000000.0, ""mom3_min"": null, ""prev_return_min"": 0.03}",0.02,0.08,1.5,20,14345.788117387912,0.4345788117387912,0.02029138998104707,0.5045299575467329,-0.059565275934601924,930,405,0.20543406229290923,20,False,-0.025972632794457273,11812.762335132911,0.18127623351329114,0.05702509135892897,0.7099618527865029,-0.03359373935177956,250,67,0.33025099075297226,20,False,-0.014093600577044757,9961.963515248694,-0.0038036484751305943,-0.0012728589709182225,-0.07276009945497555,-0.019749070368187738,106,69,0.14058355437665782,10,False,-0.00495,9283.347927078199,-0.07166520729218007,-0.07221731196901415,-1.7160731593797836,-0.07840416886996349,66,23,0.264,20,False,-0.03135,-0.20543189523977,0.7935597826086955
82,810de8977158,gap_down_reversal,"{""family"": ""gap_down_reversal"", ""gap_max"": -0.02, ""min_adv20"": 20000000.0, ""prev_return_max"": 0.0}",,0.04,1.0,5,144775.66823052897,13.477566823052896,0.16040952419813048,0.8282410919453698,-0.4331567069248865,9080,3245,2.0057433178705546,5,False,-0.15433849018204635,13815.537879562096,0.38155378795620964,0.11359547403615111,0.645625832158442,-0.18542087383236006,1567,527,2.07001321003963,5,False,-0.06588336889533108,3712.064668625636,-0.6287935331374364,-0.28194456007275637,-1.3536946256101798,-0.6385830759525093,1813,569,2.4045092838196287,5,False,-0.12259149405259348,8284.026171503096,-0.1715973828496904,-0.1728440578775733,-0.8354262711019224,-0.21001030370094487,582,188,2.328,5,False,-0.05537340229078043,-0.18261525978692772,0.7923369565217392
83,37e8e6129018,relative_weakness_reversal,"{""family"": ""relative_weakness_reversal"", ""gap_max"": -0.03, ""min_adv20"": 50000000.0, ""mom3_max"": -0.05, ""prev_return_percentile_max"": 0.2}",0.06,,1.5,5,55933.72382376841,4.593372382376841,0.10057592654177983,0.5112564185675321,-0.3325651624907692,1208,606,0.2668433841396068,5,False,-0.093,15446.019285916396,0.5446019285916397,0.15572821284970484,0.7936113127865921,-0.19209249285587582,254,105,0.33553500660501984,5,False,-0.093,13819.714092706228,0.3819714092706228,0.11418483986803407,0.5617707594949626,-0.17148008684635363,215,122,0.28514588859416445,5,False,-0.093,11840.481285467386,0.18404812854673858,0.18564946742282107,0.7900676088273487,-0.10846763315944541,84,44,0.336,5,False,-0.049786359678874806,-0.28235489421906,0.791983695652174
84,30a224c68ce7,relative_weakness_reversal,"{""family"": ""relative_weakness_reversal"", ""gap_max"": -0.03, ""min_adv20"": 20000000.0, ""mom3_max"": -0.05, ""prev_return_percentile_max"": 0.1}",,0.08,1.0,3,23991.50771423793,1.399150771423793,0.049920183513114,0.3529284328299536,-0.4249011250362088,1018,628,0.22487298431632427,3,False,-0.20726884556817846,18010.25211828562,0.8010252118285621,0.2163561348661034,1.2155066694554693,-0.10172530935398527,173,95,0.2285336856010568,3,False,-0.10172530935398527,10950.786888096285,0.09507868880962844,0.030821145906277714,0.2637419532769868,-0.19935382589217832,169,115,0.22413793103448276,3,False,-0.13695356385462784,10691.64776246816,0.06916477624681594,0.06973695606613961,0.5020738912043549,-0.09455173023090957,63,41,0.252,3,False,-0.04421412965645236,-0.8625782366255157,0.7889130434782609
85,d3fb518fbd7b,gap_down_reversal,"{""family"": ""gap_down_reversal"", ""gap_max"": -0.08, ""min_adv20"": 20000000.0, ""prev_return_max"": -0.03}",,0.08,4.0,10,54773.89460630802,4.4773894606308025,0.09929294851429415,0.566005851635527,-0.32973700778873216,353,228,0.07797658493483543,10,False,-0.24872261468181414,14506.370340024549,0.4506370340024548,0.13183150952605538,0.6105271361154174,-0.21744845113522027,77,31,0.10171730515191546,10,False,-0.1632154592778332,11194.557184096355,0.11945571840963543,0.03843417009166372,0.3408774214638033,-0.12454438556515779,65,43,0.08620689655172414,6,False,-0.08800795002488886,10356.250024125504,0.0356250024125504,0.03591506037438719,0.40902418649183714,-0.07495304769630617,22,18,0.088,3,False,-0.03335616057926072,-0.044521284479890455,0.7885326086956522
86,39765112165e,gap_down_reversal,"{""family"": ""gap_down_reversal"", ""gap_max"": -0.03, ""min_adv20"": 20000000.0, ""prev_return_max"": 0.0}",,0.04,1.5,5,86552.22147056712,7.655222147056712,0.1276505422181371,0.5957682714542815,-0.5790215876364861,5431,2421,1.1996907444223548,5,False,-0.23150773527306953,15462.262239861691,0.546226223986169,0.15613265512440888,0.711843183195991,-0.2838173648528578,945,395,1.2483487450462352,5,False,-0.09882505334299663,2693.5722160963833,-0.7306427783903617,-0.35493147314356877,-1.3517090083427143,-0.7576924447463067,1164,438,1.5437665782493368,5,False,-0.16789863496485716,8716.175623505374,-0.12838243764946256,-0.12934002483376483,-0.3627661869308345,-0.22400917613907312,405,146,1.62,5,False,-0.08306010343617064,-0.11607491174170959,0.7883967391304347
87,08f00ed65665,gap_down_reversal,"{""family"": ""gap_down_reversal"", ""gap_max"": -0.02, ""min_adv20"": 20000000.0, ""prev_return_max"": 0.0}",,0.08,4.0,10,269110.69657480385,25.911069657480386,0.2011535869108838,0.627603749653276,-0.9470368977463134,11830,3245,2.613209631102275,10,False,-0.5032268960991043,23550.519460374133,1.3550519460374133,0.3299532005421988,0.7496510736893177,-0.5204878557008901,2074,527,2.739762219286658,10,False,-0.25109546798033006,492.8899399333716,-0.9507110060066628,-0.6343259438254619,-1.1259981401479753,-0.9637568696332288,2540,569,3.3687002652519893,10,False,-0.24518298810518696,8347.721370410953,-0.16522786295890468,-0.1664330474250223,0.12416733057790902,-0.5214462810630776,815,188,3.26,10,False,-0.196373005517203,-0.12204732403604168,0.7871739130434783
88,aeb583bdb7a4,gap_down_reversal,"{""family"": ""gap_down_reversal"", ""gap_max"": -0.03, ""min_adv20"": 20000000.0, ""prev_return_max"": 0.0}",,0.08,4.0,5,180685.82543774106,17.068582543774106,0.17481082904377643,0.636668023496901,-0.9760869323907065,5431,2421,1.1996907444223548,5,False,-0.6173539607281854,24579.813726183787,1.4579813726183786,0.34902773073139914,0.7654746904899496,-0.6294770391280575,945,395,1.2483487450462352,5,False,-0.28186751492083084,162.665949715853,-0.9837334050284147,-0.7475449704894275,-1.1421984603682733,-0.9868598164826917,1164,438,1.5437665782493368,5,False,-0.44772969323961903,4807.457409000349,-0.5192542590999651,-0.5220628726418809,-0.36044163358716597,-0.6706695995925619,405,146,1.62,5,False,-0.23611102073323237,-0.12880666699304866,0.7865217391304348
89,16968da02607,gap_down_reversal,"{""family"": ""gap_down_reversal"", ""gap_max"": -0.03, ""min_adv20"": 20000000.0, ""prev_return_max"": -0.03}",,,2.0,3,220164.55140602734,21.016455140602734,0.1878056365194638,0.5792026976395354,-0.7625239777433283,1506,852,0.3326706428098078,3,False,-0.4145376911363569,30471.35480146245,2.047135480146245,0.4490526997581685,1.0722927920849115,-0.3543449438687094,250,141,0.33025099075297226,3,False,-0.19759046744583086,7806.891453811962,-0.21931085461880384,-0.07941411362123962,0.07814786595729294,-0.6324650417993565,248,153,0.32891246684350134,3,False,-0.22884369929691725,14065.813987503081,0.4065813987503082,0.4104256218456832,0.9095016896869886,-0.247359744737776,101,56,0.404,3,False,-0.09988477074638413,-0.4930900944453761,0.7846739130434782
90,59b1c0c0d28c,strength_pullback,"{""family"": ""strength_pullback"", ""gap_max"": -0.05, ""min_adv20"": 20000000.0, ""mom3_min"": null, ""prev_return_min"": 0.03}",0.02,0.08,1.0,20,12761.719471634291,0.2761719471634292,0.013667544678187538,0.5045299575467331,-0.040054926925823575,930,405,0.20543406229290923,20,False,-0.017315088529638183,11198.103378813166,0.11981033788131668,0.038388454774250125,0.7099618527865028,-0.022508729671634753,250,67,0.33025099075297226,20,False,-0.009395733718029839,9975.448416565234,-0.002455158343476649,-0.0008212284574415918,-0.07276009945497515,-0.01320041696770946,106,69,0.14058355437665782,10,False,-0.0033,9518.3632385703,-0.04816367614297001,-0.048539479722315204,-1.7160731593797838,-0.05277854746521726,66,23,0.264,20,False,-0.0209,-0.20543189523976968,0.7840217391304348
91,37e8e6129018,relative_weakness_reversal,"{""family"": ""relative_weakness_reversal"", ""gap_max"": -0.03, ""min_adv20"": 50000000.0, ""mom3_max"": -0.05, ""prev_return_percentile_max"": 0.2}",0.06,,1.0,3,37070.605085855546,2.707060508585555,0.07566145907770006,0.45399130211812233,-0.3145947786793223,1003,606,0.22155953169869672,3,False,-0.062,13858.582450599222,0.38585824505992217,0.11474927770132082,0.7527294044636188,-0.12054402556990473,192,105,0.2536327608982827,3,False,-0.062,12242.968076455587,0.2242968076455587,0.06997413510629413,0.4079442041294534,-0.22122510458367672,184,122,0.2440318302387268,3,False,-0.062,10819.181879146046,0.0819181879146047,0.08259988611179625,0.46067952745119867,-0.11996102390136865,72,44,0.288,3,False,-0.04244024965298251,-0.29873810234549647,0.783913043478261
92,39765112165e,gap_down_reversal,"{""family"": ""gap_down_reversal"", ""gap_max"": -0.03, ""min_adv20"": 20000000.0, ""prev_return_max"": 0.0}",,0.04,4.0,20,129134.6087163571,11.91346087163571,0.15304778175360223,0.6034947900859725,-0.8046413940265006,7458,2421,1.6474486414844267,20,False,-0.3850073500441617,18015.877592619436,0.8015877592619436,0.21648259671440018,0.7347472482522038,-0.40414309102813284,1508,395,1.9920739762219286,20,False,-0.24754293291177012,2824.5251279194395,-0.7175474872080561,-0.3446152149935119,-1.1888460204531697,-0.7876418666234898,1595,438,2.1153846153846154,20,False,-0.13901413847223704,8919.954529091476,-0.10800454709085239,-0.10881977389902286,-0.10575569512132718,-0.30482181180085266,623,146,2.492,20,False,-0.14019243782894295,-0.13125245816623132,0.7826086956521738
93,5afba290676c,relative_weakness_reversal,"{""family"": ""relative_weakness_reversal"", ""gap_max"": -0.03, ""min_adv20"": 50000000.0, ""mom3_max"": -0.05, ""prev_return_percentile_max"": 0.2}",0.02,,3.0,10,65734.0463523696,5.573404635236959,0.11051165731609847,0.5928369939835153,-0.4039149951833001,1473,606,0.32538104705102716,10,False,-0.06599999999999999,14422.869211851654,0.44228692118516544,0.12965852947965129,0.6152369144218485,-0.2784109112281431,354,105,0.4676354029062087,10,False,-0.06599999999999999,9417.679399334074,-0.05823206006659254,-0.01985214038484595,0.015825748974902003,-0.28267767280753076,275,122,0.3647214854111406,10,False,-0.06599999999999999,10569.246656063997,0.05692466560639975,0.057392889107240386,0.3796087767426769,-0.17085331482310973,107,44,0.428,10,False,-0.06599999999999999,-0.022399920438333165,0.7818750000000001
94,7bbe6d4eb49d,relative_weakness_reversal,"{""family"": ""relative_weakness_reversal"", ""gap_max"": -0.03, ""min_adv20"": 20000000.0, ""mom3_max"": -0.05, ""prev_return_percentile_max"": 0.2}",0.02,0.08,1.0,5,17994.78911370164,0.7994789113701641,0.03324425837620093,0.46041336527587357,-0.23245091340156532,1392,695,0.3074884029158383,5,False,-0.022,12439.417183635382,0.24394171836353817,0.07537086827820128,0.7692814850506327,-0.0976076305092951,254,105,0.33553500660501984,5,False,-0.022,9471.168618504025,-0.05288313814959744,-0.017995089389021834,-0.18405482743432316,-0.12411298825750505,216,122,0.2864721485411141,5,False,-0.022,10278.573628412436,0.027857362841243516,0.02808332227853194,0.3655973919434757,-0.07173510176950548,84,44,0.336,5,False,-0.022,-0.3088681197747591,0.7814673913043478
95,08f00ed65665,gap_down_reversal,"{""family"": ""gap_down_reversal"", ""gap_max"": -0.02, ""min_adv20"": 20000000.0, ""prev_return_max"": 0.0}",,0.08,3.0,5,1898421.858666577,188.8421858666577,0.3391493613541847,0.7746146376445985,-0.8915671574192732,9080,3245,2.0057433178705546,5,False,-0.46301547054613906,20282.826492345328,1.0282826492345327,0.26543813810677097,0.6812603444043603,-0.5068642646542618,1567,527,2.07001321003963,5,False,-0.21140063619062316,283.1583899383659,-0.9716841610061634,-0.6961626656869665,-1.2089290464480773,-0.9721358163760326,1813,569,2.4045092838196287,5,False,-0.36777448215778047,4409.0023620824295,-0.5590997637917571,-0.5619788771503264,-0.7604842780258226,-0.5673983655355377,582,188,2.328,5,False,-0.1770832655499243,-0.09335429324023814,0.7813858695652174
96,5afba290676c,relative_weakness_reversal,"{""family"": ""relative_weakness_reversal"", ""gap_max"": -0.03, ""min_adv20"": 50000000.0, ""mom3_max"": -0.05, ""prev_return_percentile_max"": 0.2}",0.02,,4.0,3,155820.77658479701,14.582077658479701,0.1651683744254251,0.5275302859360511,-0.8284169675873451,1003,606,0.22155953169869672,3,False,-0.08800000000000001,27678.044918229953,1.7678044918229951,0.4034074653051407,0.8380658545254362,-0.34565525830765453,192,105,0.2536327608982827,3,False,-0.08800000000000001,7203.168710415255,-0.27968312895847447,-0.10384756655032257,-0.002126208140402741,-0.57763084589379,184,122,0.2440318302387268,3,False,-0.08800000000000001,12595.901140462156,0.25959011404621557,0.26191783196469554,0.6432235576784033,-0.32368150905744064,72,44,0.288,3,False,-0.08800000000000001,-0.31053556858938514,0.7812771739130435
97,37e8e6129018,relative_weakness_reversal,"{""family"": ""relative_weakness_reversal"", ""gap_max"": -0.03, ""min_adv20"": 50000000.0, ""mom3_max"": -0.05, ""prev_return_percentile_max"": 0.2}",0.06,,2.0,5,82377.99414415598,7.237799414415598,0.12455202157312195,0.5112564185675321,-0.4226612414294425,1208,606,0.2668433841396068,5,False,-0.124,17370.59575272159,0.7370595752721592,0.20180121603649726,0.793611312786592,-0.25668257002594075,254,105,0.33553500660501984,5,False,-0.124,14891.50028081473,0.4891500280814729,0.1423496656145462,0.5617707594949626,-0.2288954416513609,215,122,0.28514588859416445,5,False,-0.124,12376.293176986346,0.2376293176986346,0.23974199674231,0.7900676088273487,-0.14261869059222798,84,44,0.336,5,False,-0.0663818129051664,-0.2823548942190599,0.7811413043478261
98,08f00ed65665,gap_down_reversal,"{""family"": ""gap_down_reversal"", ""gap_max"": -0.02, ""min_adv20"": 20000000.0, ""prev_return_max"": 0.0}",,0.08,1.0,20,31355.53448800521,2.135553448800521,0.06568248668513199,0.5241202878433324,-0.3273568252275074,14416,3245,3.184448862381268,20,False,-0.11298079310317959,12849.553701660448,0.2849553701660448,0.08704636319057446,0.6643503744748827,-0.13626089945863906,2685,527,3.546895640686922,20,False,-0.07701349794473912,7437.161197914754,-0.25628388020852466,-0.0942214469777527,-0.7418803286318115,-0.3328711857053176,3244,569,4.30238726790451,20,False,-0.03689552148709071,11027.40715206344,0.10274071520634398,0.10360382514659228,0.7213528069885886,-0.08724720124087626,1063,188,4.252,20,False,-0.039093638643917974,-0.14023008663155023,0.781141304347826
99,aeb583bdb7a4,gap_down_reversal,"{""family"": ""gap_down_reversal"", ""gap_max"": -0.03, ""min_adv20"": 20000000.0, ""prev_return_max"": 0.0}",,0.08,1.0,3,104577.85342497937,9.457785342497937,0.13958870393509226,0.6077694089732597,-0.5089730796544829,4517,2421,0.9977910315882483,3,False,-0.16753081229928338,14008.61917866506,0.40086191786650605,0.11875240038881074,0.5628198301321993,-0.22928045342132342,763,395,1.0079260237780714,3,False,-0.09879523372291543,3621.0005527021126,-0.6378999447297887,-0.2878806418601014,-0.9878463091603066,-0.6687306511029565,930,438,1.23342175066313,3,False,-0.18655403884984126,7307.276813274014,-0.2692723186725986,-0.2711039377617268,-0.8842701236957504,-0.3625221573352405,311,146,1.244,3,False,-0.08969647367438875,-0.044949578841060434,0.7807065217391305
100,30a224c68ce7,relative_weakness_reversal,"{""family"": ""relative_weakness_reversal"", ""gap_max"": -0.03, ""min_adv20"": 20000000.0, ""mom3_max"": -0.05, ""prev_return_percentile_max"": 0.1}",,0.08,1.5,3,28701.900839295075,1.8701900839295074,0.06044965854975981,0.3529284328299536,-0.6095948402714169,1018,628,0.22487298431632427,3,False,-0.31090326835226767,23376.98774368746,1.337698774368746,0.3266828834308253,1.2155066694554688,-0.15258796403097796,173,95,0.2285336856010568,3,False,-0.1525879640309779,11069.168273260859,0.10691682732608587,0.03453217411647502,0.26374195327698685,-0.2961138878807402,169,115,0.22413793103448276,3,False,-0.20543034578194175,10956.22175009987,0.09562217500998704,0.09642290623004213,0.5020738912043549,-0.14021960661510002,63,41,0.252,3,False,-0.06632119448467855,-0.8625782366255152,0.7797010869565217
