signal_rank,variant_id,family,base_config_json,stop_loss,take_profit,round_trip_cost_bps,raw_candidates,train_final_equity,train_total_return,train_cagr,train_sharpe,train_max_drawdown,train_trades,train_traded_days,train_average_positions,train_max_positions_used,train_blown_up,train_worst_day,validation_final_equity,validation_total_return,validation_cagr,validation_sharpe,validation_max_drawdown,validation_trades,validation_traded_days,validation_average_positions,validation_max_positions_used,validation_blown_up,validation_worst_day,oos_final_equity,oos_total_return,oos_cagr,oos_sharpe,oos_max_drawdown,oos_trades,oos_traded_days,oos_average_positions,oos_max_positions_used,oos_blown_up,oos_worst_day,holdout_final_equity,holdout_total_return,holdout_cagr,holdout_sharpe,holdout_max_drawdown,holdout_trades,holdout_traded_days,holdout_average_positions,holdout_max_positions_used,holdout_blown_up,holdout_worst_day,signal_sharpe_stability,signal_selection_score
1,d3fb518fbd7b,gap_down_reversal,"{""family"": ""gap_down_reversal"", ""gap_max"": -0.08, ""min_adv20"": 20000000.0, ""prev_return_max"": -0.03}",,0.08,20.0,896,16273.126002435323,0.6273126002435323,0.02747613837505325,0.566005851635527,-0.09252211154160717,353,228,0.07797658493483543,10,False,-0.062180653670453535,11157.032227587171,0.11570322275871714,0.037119082587258045,0.6105271361154174,-0.0563455226947307,77,31,0.10171730515191546,10,False,-0.0408038648194583,10340.898012329377,0.03408980123293759,0.011266506868579995,0.3408774214638033,-0.03149717863578927,65,43,0.08620689655172414,6,False,-0.022001987506222214,10096.835749560663,0.00968357495606642,0.009761420438058721,0.40902418649183714,-0.018999103978220244,22,18,0.088,3,False,-0.00833904014481518,-0.044521284479890455,0.9654447115384615
2,5afba290676c,relative_weakness_reversal,"{""family"": ""relative_weakness_reversal"", ""gap_max"": -0.03, ""min_adv20"": 50000000.0, ""mom3_max"": -0.05, ""prev_return_percentile_max"": 0.2}",0.02,,20.0,3635,20196.044572000832,1.0196044572000833,0.039903299579272744,0.5928369939835153,-0.1545814651488926,1473,606,0.32538104705102716,10,False,-0.022,11508.630755298496,0.15086307552984968,0.04788674754853073,0.6152369144218486,-0.09811443047255808,354,105,0.4676354029062087,10,False,-0.022,9952.497691803726,-0.004750230819627332,-0.0015901274477010396,0.015825748974901948,-0.10004088343638184,275,122,0.3647214854111406,10,False,-0.022,10226.941889637972,0.022694188963797268,0.022877803651818462,0.3796087767426771,-0.059585781759237455,107,44,0.428,10,False,-0.022,-0.022399920438333276,0.9618088942307692
3,59b1c0c0d28c,strength_pullback,"{""family"": ""strength_pullback"", ""gap_max"": -0.05, ""min_adv20"": 20000000.0, ""mom3_min"": null, ""prev_return_min"": 0.03}",0.02,0.08,20.0,2235,13689.045450311032,0.36890454503110326,0.017633391900891082,0.4849749636088297,-0.07600071833035682,815,405,0.18003092555776454,10,False,-0.022,10990.379240351256,0.09903792403512557,0.03193616663860577,0.5449062728630906,-0.04456711980265049,179,67,0.23645970937912814,10,False,-0.018827358551462763,9947.680321621432,-0.0052319678378568435,-0.0017516696458025338,-0.07276009945497515,-0.02626350192076421,106,69,0.14058355437665782,10,False,-0.0066,9403.23441468682,-0.059676558531318036,-0.060139319788291346,-1.8630659461191101,-0.06876114794308275,47,23,0.188,10,False,-0.022,-0.05993130925426088,0.95927734375
4,aeb583bdb7a4,gap_down_reversal,"{""family"": ""gap_down_reversal"", ""gap_max"": -0.03, ""min_adv20"": 20000000.0, ""prev_return_max"": 0.0}",,0.08,20.0,18482,62015.92258704765,5.201592258704765,0.10691809443982603,0.7423802793227325,-0.27502510017806636,6477,2421,1.4307488402915838,10,False,-0.12580672402477608,14370.268297342545,0.43702682973425455,0.1282853650635447,0.8854664424536391,-0.10638637922076932,1195,395,1.5785997357992074,10,False,-0.058217640260405455,5887.3653614283785,-0.41126346385716217,-0.16227096808341057,-1.1823284342916622,-0.4633760074569967,1436,438,1.9045092838196287,10,False,-0.05596621165495238,10065.47400880247,0.0065474008802470784,0.0065999525599163,0.1249359198028769,-0.13690132498370478,531,146,2.124,10,False,-0.04909325137930075,-0.1430861631309066,0.9582406850961538
5,b5567d8c9030,gap_down_reversal,"{""family"": ""gap_down_reversal"", ""gap_max"": -0.08, ""min_adv20"": 50000000.0, ""prev_return_max"": -0.03}",,0.08,20.0,813,15044.681114405865,0.5044681114405865,0.022996627672491554,0.4926817824724525,-0.0882718126247295,305,195,0.06737353655842722,10,False,-0.062180653670453535,11157.032227587171,0.11570322275871714,0.037119082587258045,0.6105271361154174,-0.0563455226947307,77,31,0.10171730515191546,10,False,-0.0408038648194583,10404.299905398637,0.040429990539863736,0.01333452571781324,0.398984150332101,-0.031497178635789935,64,43,0.08488063660477453,6,False,-0.022001987506222214,10096.835749560663,0.00968357495606642,0.009761420438058721,0.40902418649183714,-0.018999103978220244,22,18,0.088,3,False,-0.00833904014481518,-0.11784535364296495,0.9544771634615385
6,810de8977158,gap_down_reversal,"{""family"": ""gap_down_reversal"", ""gap_max"": -0.02, ""min_adv20"": 20000000.0, ""prev_return_max"": 0.0}",,0.04,20.0,39861,45103.23027202882,3.5103230272028823,0.08746960074542076,0.6475932247721959,-0.36138902134586326,11830,3245,2.613209631102275,10,False,-0.10628595490546582,13247.925069186082,0.32479250691860817,0.09815127063233597,0.7210540554134907,-0.13045276671553718,2074,527,2.739762219286658,10,False,-0.05045802043617424,5368.3823713059755,-0.46316176286940247,-0.1877140364018861,-1.275612536623968,-0.5038847078373536,2540,569,3.3687002652519893,10,False,-0.06129574702629674,9771.558212413,-0.02284417875870004,-0.02302481198586026,-0.08155598794892863,-0.13774238185334486,815,188,3.26,10,False,-0.04100219300593627,-0.07346083064129472,0.9540414663461538
7,08f00ed65665,gap_down_reversal,"{""family"": ""gap_down_reversal"", ""gap_max"": -0.02, ""min_adv20"": 20000000.0, ""prev_return_max"": 0.0}",,0.08,20.0,39861,58325.812583264524,4.832581258326452,0.10314451569817829,0.627603749653276,-0.36986168358472404,11830,3245,2.613209631102275,10,False,-0.12580672402477608,14161.890350912485,0.4161890350912485,0.12281239583023784,0.7496510736893177,-0.12550179067904854,2074,527,2.739762219286658,10,False,-0.06277386699508251,5387.325519290027,-0.4612674480709973,-0.1867572006253474,-1.1259981401479753,-0.5090078100764408,2540,569,3.3687002652519893,10,False,-0.06129574702629674,10058.250910019784,0.005825091001978366,0.005871828279787383,0.12416733057790902,-0.16206371747505732,815,188,3.26,10,False,-0.04909325137930075,-0.12204732403604168,0.9501727764423077
8,7bbe6d4eb49d,relative_weakness_reversal,"{""family"": ""relative_weakness_reversal"", ""gap_max"": -0.03, ""min_adv20"": 20000000.0, ""mom3_max"": -0.05, ""prev_return_percentile_max"": 0.2}",0.02,0.08,20.0,4067,16052.109331094342,0.6052109331094342,0.026694300677766458,0.5369948002133826,-0.13983767251399404,1711,695,0.3779544952507179,10,False,-0.022,11168.932140856985,0.11689321408569842,0.037487189483076166,0.5289474739788316,-0.11533618229843934,358,105,0.47291941875825627,10,False,-0.022,9413.499354617079,-0.058650064538292135,-0.01999755966700123,-0.2933799744432953,-0.11557438563473543,276,122,0.3660477453580902,10,False,-0.022,10011.998421468292,0.001199842146829111,0.0012094466862546671,0.04921330686545446,-0.059585781759237455,107,44,0.428,10,False,-0.022,-0.008047326234551067,0.9497746394230768
9,16968da02607,gap_down_reversal,"{""family"": ""gap_down_reversal"", ""gap_max"": -0.03, ""min_adv20"": 20000000.0, ""prev_return_max"": -0.03}",,,20.0,7550,56188.02330864129,4.6188023308641295,0.10085386666922957,0.6500300923952478,-0.3443861681426088,2333,852,0.5153523304616744,10,False,-0.14695611304480086,13306.45264034451,0.33064526403445105,0.099763922377754,0.8303607975837323,-0.11150990157918617,463,141,0.6116248348745046,10,False,-0.05732425904456412,10481.537818279705,0.04815378182797048,0.015842537246931965,0.1944450083670606,-0.17227080807515616,354,153,0.46949602122015915,10,False,-0.04040792755699627,12241.624436533693,0.22416244365336935,0.22614480932573078,1.5016342779857852,-0.03862361813565163,145,56,0.58,10,False,-0.01498271561195762,-0.18033070518848449,0.9491135817307692
10,a57ed6864f77,strength_pullback,"{""family"": ""strength_pullback"", ""gap_max"": -0.03, ""min_adv20"": 20000000.0, ""mom3_min"": null, ""prev_return_min"": 0.05}",0.02,0.08,20.0,3701,13994.606520867857,0.39946065208678583,0.01888471812921999,0.4206155692036051,-0.11771382331674207,1245,462,0.27501656726308815,10,False,-0.022,11070.611231461815,0.10706112314618155,0.03443788183062457,0.5598220500936669,-0.03949141846315041,229,81,0.30250990752972257,10,False,-0.022,10782.811855707227,0.07828118557072261,0.02550933167824354,0.9963176290959019,-0.030509040085237915,150,67,0.1989389920424403,8,False,-0.01377356629587736,9526.92784055488,-0.04730721594451204,-0.04767650558959491,-1.9104691233626936,-0.053610329918179045,45,29,0.18,10,False,-0.022,-0.13920648089006182,0.9481595552884616
11,a25608756395,strength_pullback,"{""family"": ""strength_pullback"", ""gap_max"": -0.02, ""min_adv20"": 20000000.0, ""mom3_min"": null, ""prev_return_min"": 0.05}",0.02,0.08,20.0,6747,14278.403664474728,0.4278403664474728,0.020024018778590724,0.3844352031139793,-0.1309853014069523,2130,785,0.47051027170311466,10,False,-0.022,10919.548853607314,0.09195488536073126,0.029717457515111567,0.4447758151182797,-0.04914619212517268,378,117,0.49933949801849403,10,False,-0.022,10345.596147724154,0.034559614772415426,0.011420037989470444,0.3050580418527511,-0.07022198380938893,320,118,0.4244031830238727,10,False,-0.01817356629587736,9617.016797973904,-0.03829832020260959,-0.038598716425988555,-1.298748875427924,-0.055006340778298024,93,47,0.372,10,False,-0.022,-0.06034061200430041,0.9468900240384616
12,39765112165e,gap_down_reversal,"{""family"": ""gap_down_reversal"", ""gap_max"": -0.03, ""min_adv20"": 20000000.0, ""prev_return_max"": 0.0}",,0.04,20.0,18482,38755.2521543549,2.87552521543549,0.07832583829148998,0.7058966846421072,-0.3109917631216428,6477,2421,1.4307488402915838,10,False,-0.10628595490546582,13400.668785874519,0.3400668785874519,0.10235001634406227,0.8945520475338474,-0.12412128757347174,1195,395,1.5785997357992074,10,False,-0.04489158831119614,5588.424133377959,-0.44115758666220406,-0.17673494794297218,-1.5043133042858197,-0.47978124730947924,1436,438,1.9045092838196287,10,False,-0.05596621165495238,9692.170409899445,-0.030782959010055455,-0.03102536249921195,-0.15826569865987034,-0.10597536037773359,531,146,2.124,10,False,-0.04100219300593627,-0.18865536289174023,0.9455603966346153
13,5f7e41cf3ad0,relative_weakness_reversal,"{""family"": ""relative_weakness_reversal"", ""gap_max"": -0.03, ""min_adv20"": 20000000.0, ""mom3_max"": -0.05, ""prev_return_percentile_max"": 0.2}",0.02,,20.0,4067,24576.450291876896,1.4576450291876895,0.05132899189654094,0.7479526251097431,-0.13882632616163615,1711,695,0.3779544952507179,10,False,-0.022,11427.686997642973,0.1427686997642974,0.045427510679145966,0.5836751117787269,-0.10012732118687684,358,105,0.47291941875825627,10,False,-0.022,9930.505430933928,-0.006949456906607199,-0.0023280241938706814,0.006172521308714005,-0.10202954359753125,276,122,0.3660477453580902,10,False,-0.022,10226.941889637972,0.022694188963797268,0.022877803651818462,0.3796087767426771,-0.059585781759237455,107,44,0.428,10,False,-0.022,-0.16427751333101626,0.9426832932692307
14,72ac675e9377,gap_down_reversal,"{""family"": ""gap_down_reversal"", ""gap_max"": -0.08, ""min_adv20"": 50000000.0, ""prev_return_max"": -0.03}",,0.04,20.0,813,12967.849849462184,0.2967849849462183,0.014572085259652479,0.48131635935744793,-0.06698402874179066,305,195,0.06737353655842722,10,False,-0.062180653670453535,10492.88711453933,0.049288711453932876,0.016145268805567436,0.39056228371403034,-0.049692538721730406,77,31,0.10171730515191546,10,False,-0.03236668488626164,10115.618685764748,0.011561868576474899,0.003849401013173992,0.14563729538232337,-0.029388678751592345,64,43,0.08488063660477453,6,False,-0.026001987506222214,10034.781137486181,0.0034781137486181724,0.003505987378820574,0.19066208872973262,-0.01260255806091215,22,18,0.088,3,False,-0.00833904014481518,-0.09075407564341759,0.9394230769230769
15,e6a4cfbe4bad,strength_pullback,"{""family"": ""strength_pullback"", ""gap_max"": -0.02, ""min_adv20"": 20000000.0, ""mom3_min"": null, ""prev_return_min"": 0.05}",0.04,0.08,20.0,6747,17488.931963220664,0.7488931963220664,0.03160553148954204,0.4295941794228888,-0.18855942476573717,2130,785,0.47051027170311466,10,False,-0.042,11002.690600593301,0.10026906005933012,0.03232083693699428,0.3773426196016772,-0.08563521339954794,378,117,0.49933949801849403,10,False,-0.042,10570.157322903904,0.057015732290390364,0.018705011332350585,0.3755410665104545,-0.11995771204564931,320,118,0.4244031830238727,10,False,-0.02897820606187689,9394.542230704388,-0.0605457769295612,-0.06101505750416458,-1.1904421580041635,-0.0955890416790296,93,47,0.372,10,False,-0.042,-0.0522515598212116,0.9391526442307692
16,d44ea1e15914,gap_down_reversal,"{""family"": ""gap_down_reversal"", ""gap_max"": -0.08, ""min_adv20"": 20000000.0, ""prev_return_max"": -0.05}",,0.02,20.0,538,11591.973611502075,0.15919736115020755,0.008257323462080857,0.47602708214960393,-0.04123289593695101,207,131,0.04572564612326044,10,False,-0.036842397261416714,10443.407171476558,0.04434071714765575,0.014547628505251264,0.7046339765890722,-0.017627131244635663,60,21,0.07926023778071334,10,False,-0.016202794512247588,10001.7480726959,0.0001748072695899605,5.842025033531151e-05,0.01155555332515466,-0.029193337546994602,29,19,0.038461538461538464,3,False,-0.02028426966292134,10061.134259466065,0.0061134259466064655,0.006162483742353286,1.633045009628876,-0.0010981096296782678,7,5,0.028,3,False,-0.0010981096296781595,-0.2286068944394683,0.9389423076923078
17,e4f01dfbafdc,strength_pullback,"{""family"": ""strength_pullback"", ""gap_max"": -0.03, ""min_adv20"": 20000000.0, ""mom3_min"": null, ""prev_return_min"": 0.05}",0.04,0.08,20.0,3701,14609.832640557615,0.4609832640557616,0.021327774853078463,0.3622465030073164,-0.14556379410034492,1245,462,0.27501656726308815,10,False,-0.042,11360.943402403676,0.1360943402403676,0.04339094775046015,0.5336799690910188,-0.055290738182520394,229,81,0.30250990752972257,10,False,-0.042,11236.083727407002,0.12360837274070025,0.03972002362469329,1.2402241000644256,-0.024720493394136178,150,67,0.1989389920424403,8,False,-0.023802866204377944,9384.772432854208,-0.061522756714579185,-0.061999357101847785,-1.3862169924606067,-0.07596877112220424,45,29,0.18,10,False,-0.042,-0.17143346608370236,0.9387920673076924
18,5752a31b36ab,gap_down_reversal,"{""family"": ""gap_down_reversal"", ""gap_max"": -0.08, ""min_adv20"": 50000000.0, ""prev_return_max"": 0.0}",,0.08,20.0,1714,15308.8844944842,0.5308884494484201,0.02398847383431746,0.43812545024160104,-0.11998266772960742,740,527,0.16346366246962668,10,False,-0.06311210296048933,10743.92069095868,0.07439206909586793,0.024174305102782068,0.3725094961147184,-0.07302397058650856,162,95,0.21400264200792601,10,False,-0.058217640260405455,10101.873520124718,0.010187352012471784,0.003393309661565702,0.08482877465986055,-0.09831039206984915,226,147,0.29973474801061006,8,False,-0.030451333596059275,9046.172731993418,-0.09538272680065818,-0.09610789075339665,-1.405022464636853,-0.1137560413445311,98,60,0.392,8,False,-0.04525829830028043,-0.06561595412688265,0.9375413161057692
19,12257827a207,strength_pullback,"{""family"": ""strength_pullback"", ""gap_max"": -0.02, ""min_adv20"": 20000000.0, ""mom3_min"": null, ""prev_return_min"": 0.05}",0.06,0.08,20.0,6747,18069.82512280631,0.8069825122806309,0.03348362434508445,0.4022558427232593,-0.1663918260951377,2130,785,0.47051027170311466,10,False,-0.062,11815.633360733575,0.1815633360733575,0.057110605975428275,0.5830901278191144,-0.0832645614016112,378,117,0.49933949801849403,10,False,-0.05153913519768673,10287.135643361724,0.028713564336172448,0.009506282133991961,0.187676805702893,-0.1407625002490661,320,118,0.4244031830238727,10,False,-0.037631362112073366,9220.175789418083,-0.07798242105819175,-0.07858110276354191,-1.1145692445880828,-0.11417771232538776,93,47,0.372,10,False,-0.062,-0.18083428509585509,0.9375075120192307
20,37e8e6129018,relative_weakness_reversal,"{""family"": ""relative_weakness_reversal"", ""gap_max"": -0.03, ""min_adv20"": 50000000.0, ""mom3_max"": -0.05, ""prev_return_percentile_max"": 0.2}",0.06,,20.0,3635,25788.472544612603,1.5788472544612602,0.054150017186818555,0.5015416572479214,-0.1639686567447357,1473,606,0.32538104705102716,10,False,-0.05643440651381917,11538.204142053672,0.15382041420536718,0.04878236911694778,0.4810268619222146,-0.16009738383323113,354,105,0.4676354029062087,10,False,-0.062,11382.726750419488,0.13827267504194873,0.044235615816623275,0.449035315556123,-0.1160312086091777,275,122,0.3647214854111406,10,False,-0.04901596076382426,10455.429558492671,0.04554295584926704,0.04591553935023729,0.47474784471956044,-0.06371213249770913,107,44,0.428,10,False,-0.036325899048963245,-0.020514795325706825,0.9360727163461539
21,8fd4f118116f,gap_down_reversal,"{""family"": ""gap_down_reversal"", ""gap_max"": -0.08, ""min_adv20"": 20000000.0, ""prev_return_max"": -0.03}",,0.04,20.0,896,13393.800089975062,0.3393800089975063,0.016398997761020384,0.5231735834220539,-0.06718083548431919,353,228,0.07797658493483543,10,False,-0.062180653670453535,10492.88711453933,0.049288711453932876,0.016145268805567436,0.39056228371403034,-0.049692538721730406,77,31,0.10171730515191546,10,False,-0.03236668488626164,10053.729533203157,0.005372953320315732,0.001792532741916375,0.07548208285751094,-0.030054675291649624,65,43,0.08620689655172414,6,False,-0.026001987506222214,10034.781137486181,0.0034781137486181724,0.003505987378820574,0.19066208872973262,-0.01260255806091215,22,18,0.088,3,False,-0.00833904014481518,-0.13261129970802354,0.9358473557692307
22,f2a5d76175a7,gap_down_reversal,"{""family"": ""gap_down_reversal"", ""gap_max"": -0.02, ""min_adv20"": 20000000.0, ""prev_return_max"": -0.03}",,,20.0,13804,43768.52549529001,3.3768525495290005,0.0856527124566353,0.5273111318874875,-0.4149099131733375,3930,1271,0.8681245858184228,10,False,-0.14303686580226999,13194.054521919801,0.31940545219198,0.09666273121488822,0.7264528925258468,-0.13062015327395415,712,218,0.940554821664465,10,False,-0.05732425904456412,10720.243037151038,0.07202430371510382,0.023516660944930212,0.2359798924967749,-0.21409158869365208,732,247,0.9708222811671088,10,False,-0.047573020221673326,12866.78226683268,0.28667822668326814,0.28927544530436067,1.5354671500833987,-0.051214411821643435,237,78,0.948,10,False,-0.020748919534589783,-0.1991417606383593,0.9355393629807691
23,1e70cd8f88af,strength_pullback,"{""family"": ""strength_pullback"", ""gap_max"": -0.03, ""min_adv20"": 20000000.0, ""mom3_min"": null, ""prev_return_min"": 0.05}",0.04,,20.0,3701,13892.465108163398,0.3892465108163399,0.01846932679108315,0.28893487122649936,-0.18153530885435853,1245,462,0.27501656726308815,10,False,-0.042,10593.405975210719,0.0593405975210719,0.019375476431510608,0.28439527129831077,-0.050152110895972934,229,81,0.30250990752972257,10,False,-0.042,11109.925077001952,0.1109925077001952,0.03580370457231696,1.1167026641755824,-0.024720493394136178,150,67,0.1989389920424403,8,False,-0.023802866204377944,9384.772432854208,-0.061522756714579185,-0.061999357101847785,-1.3862169924606067,-0.07596877112220424,45,29,0.18,10,False,-0.042,-0.004539599928188587,0.9354717548076923
24,15ef44a745cf,gap_down_reversal,"{""family"": ""gap_down_reversal"", ""gap_max"": -0.03, ""min_adv20"": 50000000.0, ""prev_return_max"": -0.03}",,,20.0,6736,42565.244434233064,3.2565244434233067,0.08396930774482336,0.5733789132638709,-0.35670815112107124,2024,748,0.4470952065385465,10,False,-0.14695611304480086,13441.271151244195,0.3441271151244194,0.1034607518199544,0.8574742784897283,-0.11214114763956728,458,138,0.6050198150594451,10,False,-0.05732425904456412,10589.568094267866,0.058956809426786716,0.01932985831911682,0.22625284181932942,-0.15897790232822928,350,151,0.46419098143236076,10,False,-0.04040792755699627,12241.624436533693,0.22416244365336935,0.22614480932573078,1.5016342779857852,-0.03862361813565163,145,56,0.58,10,False,-0.01498271561195762,-0.28409536522585743,0.9354417067307692
25,9dfa47f09560,strength_pullback,"{""family"": ""strength_pullback"", ""gap_max"": -0.03, ""min_adv20"": 20000000.0, ""mom3_min"": null, ""prev_return_min"": 0.05}",0.02,,20.0,3701,14687.359985724073,0.46873599857240733,0.02162871427320212,0.410692094031246,-0.11563664387550543,1245,462,0.27501656726308815,10,False,-0.022,10564.49721884978,0.05644972188497799,0.018448586059738536,0.32666223698969105,-0.048059912035219754,229,81,0.30250990752972257,10,False,-0.022,10740.51168350077,0.07405116835007708,0.024163015901801588,0.9248425172866346,-0.03292787833377875,150,67,0.1989389920424403,8,False,-0.01377356629587736,9526.92784055488,-0.04730721594451204,-0.04767650558959491,-1.9104691233626936,-0.053610329918179045,45,29,0.18,10,False,-0.022,-0.08402985704155497,0.9350360576923078
26,4880dc77dd0e,gap_down_reversal,"{""family"": ""gap_down_reversal"", ""gap_max"": -0.08, ""min_adv20"": 50000000.0, ""prev_return_max"": 0.0}",,0.04,20.0,1714,13052.348028525945,0.3052348028525944,0.014938961631749237,0.39111544652311064,-0.09161270050148185,740,527,0.16346366246962668,10,False,-0.06311210296048933,10493.972125616183,0.04939721256161822,0.01618024597440293,0.3490422781987967,-0.06445795826895084,162,95,0.21400264200792601,10,False,-0.03928033865061724,9877.491273249252,-0.012250872675074742,-0.004111268687435166,-0.055880168797163586,-0.0745912925446921,226,147,0.29973474801061006,8,False,-0.03445133359605927,9139.795231952286,-0.08602047680477132,-0.08667791877945974,-1.5051277540149073,-0.1026778308181664,98,60,0.392,8,False,-0.03716723992691595,-0.04207316832431396,0.9346078725961537
27,6c3a203437d2,gap_down_reversal,"{""family"": ""gap_down_reversal"", ""gap_max"": -0.05, ""min_adv20"": 50000000.0, ""prev_return_max"": -0.05}",,0.08,20.0,1413,17099.0378057762,0.7099037805776198,0.0303116298729198,0.4391505061936501,-0.09739080302662184,494,234,0.10912303954053457,10,False,-0.08802614682800709,11131.250378502895,0.11312503785028949,0.03632065835769316,0.45405471630272354,-0.1353176939784697,142,43,0.18758256274768825,10,False,-0.07462597171191593,10764.946440470469,0.07649464404704687,0.02494114690935101,0.5379513907212107,-0.06557408999509462,60,35,0.07957559681697612,10,False,-0.02559244388376425,10963.493861490595,0.09634938614905941,0.09715647273667005,1.1941524790279356,-0.0067584721942235415,31,10,0.124,10,False,-0.006758472194223553,-0.014904210109073446,0.9344200721153846
28,8b0f308ef8f3,strength_pullback,"{""family"": ""strength_pullback"", ""gap_max"": -0.05, ""min_adv20"": 20000000.0, ""mom3_min"": null, ""prev_return_min"": 0.05}",0.02,,20.0,1482,12506.862818170392,0.2506862818170392,0.012529913218033206,0.3440786795684133,-0.08909128875165961,496,226,0.10956483322288492,10,False,-0.022,10859.689099116107,0.08596890991161077,0.027834897718029605,0.5309730136483624,-0.037589219563411436,125,35,0.16512549537648613,10,False,-0.01771299726203899,10153.736464809697,0.015373646480969727,0.005112068253753543,0.38301132836727436,-0.012402566618251565,43,29,0.05702917771883289,6,False,-0.0066,9614.489422143508,-0.038551057785649157,-0.03885339606551674,-1.7249872632476804,-0.038551057785649157,19,9,0.076,10,False,-0.022,-0.18689433407994904,0.9340782752403847
29,7ac9a6750f91,gap_down_reversal,"{""family"": ""gap_down_reversal"", ""gap_max"": -0.03, ""min_adv20"": 50000000.0, ""prev_return_max"": -0.03}",0.06,0.08,20.0,6736,22832.64768426306,1.2832647684263057,0.04703064993225037,0.524876239936287,-0.2100134199681023,2024,748,0.4470952065385465,10,False,-0.062,11762.609106915024,0.17626091069150251,0.055529016125807074,0.5320864463496665,-0.18930659302393382,458,138,0.6050198150594451,10,False,-0.048,9561.538771826905,-0.043846122817309485,-0.01487339820412581,-0.13926866814054853,-0.18758075017409181,350,151,0.46419098143236076,10,False,-0.052814417521644355,11227.426688405087,0.12274266884050866,0.12378303035420624,1.036710764997845,-0.050697611237664586,145,56,0.58,10,False,-0.028132074895894754,-0.00721020641337955,0.9337965745192307
30,2f83f9ddd995,gap_down_reversal,"{""family"": ""gap_down_reversal"", ""gap_max"": -0.05, ""min_adv20"": 20000000.0, ""prev_return_max"": 0.0}",,0.08,20.0,6443,20668.448421863857,1.0668448421863856,0.04124260360859,0.43387278105211213,-0.245416019021639,2538,1359,0.5606361829025845,10,False,-0.11012270702342766,11733.873996884144,0.17338739968841432,0.05466992693160666,0.5736187116581667,-0.11861531000503733,519,222,0.6856010568031704,10,False,-0.058217640260405455,8041.272041908929,-0.1958727958091071,-0.07026779311933307,-0.6844867864067226,-0.26941300139467694,558,278,0.7400530503978779,10,False,-0.052378952543084334,9694.972195494342,-0.03050278045056587,-0.03074301281870584,-0.18499216597798496,-0.1161760026920271,251,101,1.004,10,False,-0.04909325137930075,-0.13974593060605456,0.933563701923077
31,24a4d10e2704,gap_down_reversal,"{""family"": ""gap_down_reversal"", ""gap_max"": -0.03, ""min_adv20"": 50000000.0, ""prev_return_max"": 0.0}",,,20.0,16272,45954.45061822989,3.5954450618229883,0.08860200436995447,0.5504139397863812,-0.3895834959560347,5401,2127,1.1930638391870996,10,False,-0.1487492497994693,12795.204989639436,0.2795204989639437,0.08551362613818103,0.6181061063656927,-0.18967830871919056,1172,391,1.548216644649934,10,False,-0.06620893445699566,6288.51990630676,-0.371148009369324,-0.1436104446941291,-0.911192868908797,-0.4396406738463047,1428,436,1.893899204244032,10,False,-0.05596621165495238,10303.43801383439,0.03034380138343895,0.03059022754684504,0.24785289810811445,-0.1427429612833182,531,146,2.124,10,False,-0.04909325137930075,-0.06769216657931154,0.933270733173077
32,2f7eb5b238f3,gap_down_reversal,"{""family"": ""gap_down_reversal"", ""gap_max"": -0.03, ""min_adv20"": 50000000.0, ""prev_return_max"": -0.05}",,,20.0,3432,31487.005068830767,2.1487005068830767,0.0659307279276049,0.5212706176166787,-0.32913527521065733,1164,442,0.2571239231278993,10,False,-0.10845823494582545,11405.123231982087,0.1405123231982086,0.044739907186393646,0.4426260588700661,-0.13453397162794822,272,79,0.35931307793923384,10,False,-0.08517921068656048,10479.833903980018,0.04798339039800181,0.01578734198036691,0.22134931741624203,-0.12856385320859975,160,77,0.21220159151193635,10,False,-0.039991840763981455,11668.709385286664,0.1668709385286664,0.16831245410298967,1.4207250932825226,-0.023073050117470184,66,32,0.264,10,False,-0.013264238896935709,-0.07864455874661258,0.9326547475961539
33,aac21da9a17e,strength_pullback,"{""family"": ""strength_pullback"", ""gap_max"": -0.05, ""min_adv20"": 20000000.0, ""mom3_min"": null, ""prev_return_min"": 0.05}",0.02,0.08,20.0,1482,12528.28336681727,0.252828336681727,0.012626369197205056,0.4061528038207252,-0.06617186985828594,496,226,0.10956483322288492,10,False,-0.022,11469.029343641108,0.14690293436411084,0.046685022382348285,0.7906724158758421,-0.02095419817383648,125,35,0.16512549537648613,10,False,-0.01771299726203899,10208.320912977451,0.020832091297745103,0.006914717138520654,0.511189915906203,-0.012402566618251343,43,29,0.05702917771883289,6,False,-0.0066,9614.489422143508,-0.038551057785649157,-0.03885339606551674,-1.7249872632476804,-0.038551057785649157,19,9,0.076,10,False,-0.022,-0.3845196120551169,0.9324444110576924
34,50c1dbe8fb0f,gap_down_reversal,"{""family"": ""gap_down_reversal"", ""gap_max"": -0.08, ""min_adv20"": 50000000.0, ""prev_return_max"": -0.05}",,0.02,20.0,492,11372.941622137856,0.13729416221378554,0.007187242264048432,0.43862076925909166,-0.04123289593695101,179,111,0.03954053457035565,10,False,-0.036842397261416714,10443.407171476558,0.04434071714765575,0.014547628505251264,0.7046339765890722,-0.017627131244635663,60,21,0.07926023778071334,10,False,-0.016202794512247588,10063.241325474872,0.0063241325474872045,0.0021092016431445426,0.14579349590474358,-0.02919333754699427,28,19,0.03713527851458886,3,False,-0.02028426966292134,10061.134259466065,0.0061134259466064655,0.006162483742353286,1.633045009628876,-0.0010981096296782678,7,5,0.028,3,False,-0.0010981096296781595,-0.26601320732998057,0.9323317307692308
35,68fb9f934beb,strength_pullback,"{""family"": ""strength_pullback"", ""gap_max"": -0.03, ""min_adv20"": 50000000.0, ""mom3_min"": null, ""prev_return_min"": 0.05}",0.02,0.08,20.0,3308,12622.28939205142,0.262228939205142,0.013047841919216818,0.3174621023993032,-0.11356273081337576,1062,392,0.2345924453280318,10,False,-0.022,11031.622774669428,0.10316227746694273,0.033223698145920855,0.5472228259948777,-0.0354144457565958,219,78,0.2892998678996037,10,False,-0.022,10782.811855707227,0.07828118557072261,0.02550933167824354,0.9963176290959019,-0.030509040085237915,150,67,0.1989389920424403,8,False,-0.01377356629587736,9526.92784055488,-0.04730721594451204,-0.04767650558959491,-1.9104691233626936,-0.053610329918179045,45,29,0.18,10,False,-0.022,-0.22976072359557448,0.9308743990384615
36,30a224c68ce7,relative_weakness_reversal,"{""family"": ""relative_weakness_reversal"", ""gap_max"": -0.03, ""min_adv20"": 20000000.0, ""mom3_max"": -0.05, ""prev_return_percentile_max"": 0.1}",,0.08,20.0,2799,21128.90195001533,1.1128901950015329,0.042520492093991225,0.47486527175521004,-0.1705527664614278,1423,628,0.3143362049922686,10,False,-0.149190967170852,12634.247455652183,0.26342474556521833,0.08094868420891155,0.716417670658569,-0.11678375535318997,310,95,0.4095112285336856,10,False,-0.09979117776153658,10782.979244298283,0.0782979244298283,0.025514652275591132,0.33645736448174857,-0.11501658212098753,238,115,0.3156498673740053,10,False,-0.04168813389755347,10448.559937252165,0.044855993725216425,0.045222836589952964,0.5635096984317924,-0.03374750688380468,93,41,0.372,10,False,-0.024511810018071418,-0.24155239890335894,0.9307992788461538
37,bf270267ad6f,gap_down_reversal,"{""family"": ""gap_down_reversal"", ""gap_max"": -0.05, ""min_adv20"": 20000000.0, ""prev_return_max"": -0.05}",,0.08,20.0,1559,18189.84865677268,0.818984865677268,0.033864556620837316,0.46623834512936957,-0.10509573333180244,574,275,0.12679478683454826,10,False,-0.08802614682800709,11065.428853763082,0.10654288537630818,0.034276656096174474,0.4293192710868384,-0.14043075009189543,142,43,0.18758256274768825,10,False,-0.07462597171191593,10698.833499874323,0.06988334998743229,0.0228330394432954,0.4924356707594055,-0.07131286863382469,61,35,0.08090185676392574,10,False,-0.02559244388376425,10963.493861490595,0.09634938614905941,0.09715647273667005,1.1941524790279356,-0.0067584721942235415,31,10,0.124,10,False,-0.006758472194223553,-0.03691907404253114,0.9301457331730768
38,778b74ad5414,gap_down_reversal,"{""family"": ""gap_down_reversal"", ""gap_max"": -0.03, ""min_adv20"": 20000000.0, ""prev_return_max"": -0.05}",,0.08,20.0,3827,24654.278585742184,1.4654278585742184,0.051514045909872186,0.5252830072999836,-0.26388314688258385,1335,505,0.29489728296885354,10,False,-0.10911905776559479,13057.417151542064,0.30574171515420634,0.09286892435801852,0.8630648995983933,-0.10699412259712204,274,80,0.3619550858652576,10,False,-0.07462597171191593,10284.275392166426,0.02842753921664265,0.009412463710295693,0.16674935794525295,-0.13346280317054027,162,77,0.21485411140583555,10,False,-0.039991840763981455,11398.112523303667,0.13981125233036673,0.14100514721302781,1.5100974770475803,-0.023073050117470184,66,32,0.264,10,False,-0.013264238896935709,-0.3377818922984097,0.9297400841346155
39,494e3625db1b,gap_down_reversal,"{""family"": ""gap_down_reversal"", ""gap_max"": -0.02, ""min_adv20"": 50000000.0, ""prev_return_max"": -0.03}",,,20.0,12203,37512.8523865629,2.7512852386562905,0.07637179990725529,0.49267253022289703,-0.4389069879888563,3415,1130,0.7543627126132096,10,False,-0.14303686580226999,13188.468324730771,0.3188468324730771,0.09650814275311603,0.7242317762051311,-0.13334117326075878,708,217,0.9352708058124174,10,False,-0.05732425904456412,10879.690337917835,0.08796903379178356,0.02857955315835481,0.2741868792397596,-0.1978188136761132,729,246,0.96684350132626,10,False,-0.042116319076071974,12866.78226683268,0.28667822668326814,0.28927544530436067,1.5354671500833987,-0.051214411821643435,237,78,0.948,10,False,-0.020748919534589783,-0.2315592459822341,0.9289963942307694
40,55e65d4f975a,strength_pullback,"{""family"": ""strength_pullback"", ""gap_max"": -0.03, ""min_adv20"": 50000000.0, ""mom3_min"": null, ""prev_return_min"": 0.05}",0.04,0.08,20.0,3308,13273.674894526688,0.3273674894526688,0.015889396466437944,0.29331832155085064,-0.12721245932036718,1062,392,0.2345924453280318,10,False,-0.042,11286.50366953107,0.12865036695310694,0.04111011350439209,0.5066785199889383,-0.054626127833727556,219,78,0.2892998678996037,10,False,-0.042,11236.083727407002,0.12360837274070025,0.03972002362469329,1.2402241000644256,-0.024720493394136178,150,67,0.1989389920424403,8,False,-0.023802866204377944,9384.772432854208,-0.061522756714579185,-0.061999357101847785,-1.3862169924606067,-0.07596877112220424,45,29,0.18,10,False,-0.042,-0.21336019843808768,0.9283128004807693
41,52a8aedec889,strength_pullback,"{""family"": ""strength_pullback"", ""gap_max"": -0.05, ""min_adv20"": 20000000.0, ""mom3_min"": null, ""prev_return_min"": 0.08}",,0.02,20.0,893,11139.297829571184,0.11392978295711842,0.006024106232661364,0.30088354020517244,-0.053797186917296624,304,133,0.06715263971725205,10,False,-0.032261144648615944,10346.355579034056,0.03463555790340567,0.01139923759361694,0.4329088540207311,-0.023601286077928663,94,22,0.12417437252311757,10,False,-0.02193296866244996,9738.250152601631,-0.026174984739836926,-0.008825491938747931,-0.4353269696329634,-0.03475425603791982,10,10,0.013262599469496022,1,False,-0.033860933660933665,9456.809854864285,-0.05431901451357157,-0.05474145033400912,-1.0677323461913744,-0.05431901451357157,12,3,0.048,10,False,-0.05119374327267785,-0.13202531381555865,0.9278958834134615
42,c86ca0e5a07f,strength_pullback,"{""family"": ""strength_pullback"", ""gap_max"": -0.02, ""min_adv20"": 20000000.0, ""mom3_min"": null, ""prev_return_min"": 0.05}",,0.04,20.0,6747,15081.098579700285,0.5081098579700285,0.023134315357957735,0.3293622870489685,-0.15714497403422656,2130,785,0.47051027170311466,10,False,-0.09665669503464737,10570.18060938988,0.05701806093898787,0.018630943935013855,0.28795403870935815,-0.07379591312729061,378,117,0.49933949801849403,10,False,-0.05666967238229849,10657.705394851091,0.06577053948510914,0.021517230576449498,0.3671424064020905,-0.12500015088266958,320,118,0.4244031830238727,10,False,-0.03664927451746695,9374.010549833572,-0.06259894501664276,-0.06308359902658589,-0.9357341932276346,-0.1023059124590735,93,47,0.372,10,False,-0.05415036026383071,-0.041408248339610376,0.9273850661057692
43,bc1de0faf9e5,strength_pullback,"{""family"": ""strength_pullback"", ""gap_max"": -0.02, ""min_adv20"": 50000000.0, ""mom3_min"": null, ""prev_return_min"": 0.05}",0.04,0.08,20.0,5935,13756.74854501685,0.37567485450168503,0.01791290658667477,0.276555958823432,-0.17257696170539572,1825,670,0.40313673514468745,10,False,-0.042,11029.42352713686,0.1029423527136859,0.03315512365188078,0.38712573929064287,-0.08213709715027129,364,115,0.4808454425363276,10,False,-0.042,10570.157322903904,0.057015732290390364,0.018705011332350585,0.3755410665104545,-0.11995771204564931,320,118,0.4244031830238727,10,False,-0.02897820606187689,9394.542230704388,-0.0605457769295612,-0.06101505750416458,-1.1904421580041635,-0.0955890416790296,93,47,0.372,10,False,-0.042,-0.11056978046721089,0.9270883413461539
44,ab1b0142b296,gap_down_reversal,"{""family"": ""gap_down_reversal"", ""gap_max"": -0.02, ""min_adv20"": 20000000.0, ""prev_return_max"": -0.05}",,0.08,20.0,6295,24126.07124835096,1.412607124835096,0.05024712398541897,0.4604023388665435,-0.3467412755319721,2140,751,0.4727192401148664,10,False,-0.11440633558164284,12873.039333952025,0.28730393339520255,0.08770736456543538,0.757702122118164,-0.11276187955365369,384,127,0.5072655217965654,10,False,-0.07462597171191593,10711.849523513541,0.07118495235135414,0.023248758603265474,0.300645495984995,-0.18331716664353404,326,138,0.4323607427055703,10,False,-0.05603983364007499,12120.811034316841,0.21208110343168407,0.21394758087063237,1.6314477169542827,-0.032295055126585814,111,43,0.444,10,False,-0.01357140177390379,-0.2972997832516205,0.9268780048076924
45,67d0b47ee72c,strength_pullback,"{""family"": ""strength_pullback"", ""gap_max"": -0.03, ""min_adv20"": 50000000.0, ""mom3_min"": null, ""prev_return_min"": 0.05}",0.02,,20.0,3308,13665.78505048998,0.366578505048998,0.017537059122443743,0.3502342020637298,-0.10222714748284356,1062,392,0.2345924453280318,10,False,-0.022,10445.931895019492,0.044593189501949126,0.014629270518051518,0.27121356000518054,-0.04598035677632595,219,78,0.2892998678996037,10,False,-0.022,10740.51168350077,0.07405116835007708,0.024163015901801588,0.9248425172866346,-0.03292787833377875,150,67,0.1989389920424403,8,False,-0.01377356629587736,9526.92784055488,-0.04730721594451204,-0.04767650558959491,-1.9104691233626936,-0.053610329918179045,45,29,0.18,10,False,-0.022,-0.07902064205854925,0.9263221153846155
46,353db59d0517,strength_pullback,"{""family"": ""strength_pullback"", ""gap_max"": -0.02, ""min_adv20"": 20000000.0, ""mom3_min"": null, ""prev_return_min"": 0.08}",,0.04,20.0,3129,12736.30187317223,0.2736301873172229,0.013555053189886701,0.2660270563608022,-0.1078019562179543,1089,412,0.24055666003976142,10,False,-0.08236301291595202,10540.352953342246,0.05403529533422469,0.017673160170130764,0.2974314026537403,-0.07251715177729734,222,66,0.29326287978863935,10,False,-0.05666967238229849,10609.570623988251,0.060957062398825146,0.01997295717344283,0.6235819430390636,-0.059889006381065646,100,64,0.13262599469496023,10,False,-0.033860933660933665,9492.87913852641,-0.050712086147359,-0.051107235271464435,-0.885509223999834,-0.06597367778436258,31,18,0.124,10,False,-0.05415036026383071,-0.03140434629293809,0.9260929987980768
47,1a3116dfc20d,relative_weakness_reversal,"{""family"": ""relative_weakness_reversal"", ""gap_max"": -0.03, ""min_adv20"": 20000000.0, ""mom3_max"": -0.05, ""prev_return_percentile_max"": 0.2}",,0.08,20.0,4067,24148.03012144084,1.414803012144084,0.05030031256842449,0.513787780190922,-0.19760453859549287,1711,695,0.3779544952507179,10,False,-0.1462398767783481,13880.416876479117,0.3880416876479118,0.11533363266522367,0.9247700706190833,-0.10018503425337588,358,105,0.47291941875825627,10,False,-0.09979117776153658,10662.213744684883,0.0662213744684883,0.021661630725917425,0.27987805326512916,-0.1122611518488249,276,122,0.3660477453580902,10,False,-0.04168813389755347,10478.34039283308,0.047834039283308094,0.04822579465506638,0.5553935209879336,-0.040010955641689105,107,44,0.428,10,False,-0.02852611315836693,-0.41098229042816137,0.9255634014423078
48,7ede16ff507d,relative_weakness_reversal,"{""family"": ""relative_weakness_reversal"", ""gap_max"": -0.03, ""min_adv20"": 20000000.0, ""mom3_max"": -0.05, ""prev_return_percentile_max"": 0.2}",,,20.0,4067,35708.8019016715,2.57088019016715,0.07342273873882377,0.548679180290033,-0.2340910444612937,1711,695,0.3779544952507179,10,False,-0.1462398767783481,11980.465201562856,0.19804652015628554,0.0619971208197998,0.5227336481305344,-0.2104107872892712,358,105,0.47291941875825627,10,False,-0.11428743304051348,11145.352424200439,0.11453524242004387,0.03690644606173721,0.3774806064131504,-0.11772667631547906,276,122,0.3660477453580902,10,False,-0.04168813389755347,10637.926905893784,0.06379269058937842,0.06431910484322989,0.6495061698428144,-0.04614200270888691,107,44,0.428,10,False,-0.02852611315836693,-0.025945532159498685,0.9254807692307693
49,204229e709e9,strength_pullback,"{""family"": ""strength_pullback"", ""gap_max"": -0.05, ""min_adv20"": 20000000.0, ""mom3_min"": 0.03, ""prev_return_min"": 0.03}",0.02,0.08,20.0,1029,11673.968493131219,0.16739684931312193,0.00865300385352552,0.31082416091359893,-0.08161478230702068,512,270,0.11309918268168766,10,False,-0.02130982480546726,10468.625021308557,0.04686250213085574,0.015362508162574784,0.4619414604149914,-0.052214466332968446,115,45,0.15191545574636725,10,False,-0.01771299726203899,9756.873941993788,-0.024312605800621223,-0.008192365917560562,-0.5734643455708996,-0.02948334216476356,61,45,0.08090185676392574,4,False,-0.0066,9375.230753167769,-0.06247692468322308,-0.06296066605799977,-2.0643588734515386,-0.0679238047831009,38,16,0.152,10,False,-0.022,-0.15111729950139247,0.9254657451923077
50,9a5c54194ba5,strength_pullback,"{""family"": ""strength_pullback"", ""gap_max"": -0.05, ""min_adv20"": 20000000.0, ""mom3_min"": null, ""prev_return_min"": 0.08}",0.02,0.08,20.0,893,11862.671774517368,0.18626717745173682,0.009553744912194295,0.37332168517182784,-0.055302577681498266,304,133,0.06715263971725205,10,False,-0.022,11449.649009451781,0.1449649009451781,0.04609590720107315,0.8155703994968193,-0.019291601887430287,94,22,0.12417437252311757,10,False,-0.014410235443161962,10063.492523390303,0.006349252339030276,0.0021175618838096266,0.29386898500783903,-0.01095170636292353,10,10,0.013262599469496022,1,False,-0.0021999999999999997,9737.0153352,-0.026298466480000005,-0.02650604107084298,-1.1939078675567534,-0.026298466480000005,12,3,0.048,10,False,-0.022,-0.44224871432499147,0.9253868689903846
51,8d0d9563d61e,strength_pullback,"{""family"": ""strength_pullback"", ""gap_max"": -0.05, ""min_adv20"": 50000000.0, ""mom3_min"": null, ""prev_return_min"": 0.03}",0.02,0.08,20.0,2018,11894.648325388293,0.1894648325388293,0.009705037083515888,0.28867117046758883,-0.0819839604781496,671,327,0.14822178042853987,10,False,-0.022,10971.082478387381,0.09710824783873817,0.03133265760708759,0.5400663206062996,-0.042459953340706846,173,67,0.2285336856010568,10,False,-0.018827358551462763,9947.680321621432,-0.0052319678378568435,-0.0017516696458025338,-0.07276009945497515,-0.02626350192076421,106,69,0.14058355437665782,10,False,-0.0066,9403.23441468682,-0.059676558531318036,-0.060139319788291346,-1.8630659461191101,-0.06876114794308275,47,23,0.188,10,False,-0.022,-0.2513951501387107,0.9247671274038463
52,288f31e373bd,gap_down_reversal,"{""family"": ""gap_down_reversal"", ""gap_max"": -0.03, ""min_adv20"": 20000000.0, ""prev_return_max"": -0.03}",0.06,0.08,20.0,7550,26000.30149720301,1.6000301497203009,0.05463016334728432,0.5889322479975839,-0.20500687540054685,2333,852,0.5153523304616744,10,False,-0.062,11644.39214969828,0.16443921496982794,0.0519856783483621,0.5023168043512756,-0.18677430019016394,463,141,0.6116248348745046,10,False,-0.048,9473.343811674433,-0.052665618832556715,-0.017919718451647193,-0.17443932601328607,-0.1938075442131606,354,153,0.46949602122015915,10,False,-0.052814417521644355,11227.426688405087,0.12274266884050866,0.12378303035420624,1.036710764997845,-0.050697611237664586,145,56,0.58,10,False,-0.028132074895894754,-0.08661544364630835,0.9246319110576924
53,a3aaee606875,relative_weakness_reversal,"{""family"": ""relative_weakness_reversal"", ""gap_max"": -0.03, ""min_adv20"": 50000000.0, ""mom3_max"": -0.05, ""prev_return_percentile_max"": 0.2}",0.02,0.08,20.0,3635,13901.903889335268,0.39019038893352676,0.018507833404154628,0.38817318424946157,-0.15473845407147835,1473,606,0.32538104705102716,10,False,-0.022,11248.043105015078,0.12480431050150775,0.03992774774448393,0.5634402376083949,-0.1133573117027753,354,105,0.4676354029062087,10,False,-0.022,9434.346645315856,-0.05656533546841436,-0.019272731637852814,-0.28187776446259316,-0.11361572210382742,275,122,0.3647214854111406,10,False,-0.022,10011.998421468292,0.001199842146829111,0.0012094466862546671,0.04921330686545446,-0.059585781759237455,107,44,0.428,10,False,-0.022,-0.17526705335893333,0.92421875
54,400984bc1e91,gap_down_reversal,"{""family"": ""gap_down_reversal"", ""gap_max"": -0.03, ""min_adv20"": 20000000.0, ""prev_return_max"": 0.0}",,0.02,20.0,18482,15894.33950381455,0.589433950381455,0.02612995305842536,0.35006315540715566,-0.3320760779335372,6477,2421,1.4307488402915838,10,False,-0.11028595490546582,10909.840113180644,0.09098401131806444,0.029412590966968244,0.39748275159755664,-0.1250230357428811,1195,395,1.5785997357992074,10,False,-0.043170811292702255,5800.033557854233,-0.4199966442145767,-0.166444860364808,-1.7821699796865331,-0.4463218682324236,1436,438,1.9045092838196287,10,False,-0.05596621165495238,9279.723301103995,-0.07202766988960052,-0.0725824564064711,-0.7021051985059344,-0.09419016906980937,531,146,2.124,10,False,-0.03976800405787297,-0.04741959619040098,0.9239107572115385
55,d8d466b71634,gap_down_reversal,"{""family"": ""gap_down_reversal"", ""gap_max"": -0.02, ""min_adv20"": 50000000.0, ""prev_return_max"": -0.05}",,,20.0,5586,31850.285762800442,2.185028576280044,0.06661161531997895,0.48948119966863307,-0.3737782003388923,1860,653,0.41086812458581845,10,False,-0.11440633558164284,11307.926077963923,0.13079260779639235,0.04176752220002333,0.38792479910256783,-0.14111394231618435,377,126,0.49801849405548215,10,False,-0.08517921068656048,10849.385560037688,0.08493855600376876,0.027621113470682968,0.303298531816282,-0.1762668332804831,323,138,0.42838196286472147,10,False,-0.04055826517662038,13031.7253555378,0.30317253555378,0.3059361201865094,1.5645281343342718,-0.032295055126585925,111,43,0.444,10,False,-0.01357140177390379,-0.10155640056606524,0.9238656850961539
56,33396e7dba68,gap_down_reversal,"{""family"": ""gap_down_reversal"", ""gap_max"": -0.02, ""min_adv20"": 50000000.0, ""prev_return_max"": null}",,0.08,20.0,65853,38383.134380174175,2.8383134380174173,0.07774685415102822,0.45878191346861985,-0.5290504026718323,17027,3848,3.76121051468964,10,False,-0.1366351472419785,12673.407404131913,0.26734074041319134,0.08206286076415759,0.4734638465631131,-0.20687787970832172,3460,658,4.5706737120211365,10,False,-0.08050392382133971,5712.109741112357,-0.4287890258887642,-0.17068953291202293,-0.7894723537746641,-0.49311884022439056,4137,697,5.486737400530504,10,False,-0.0633804838697647,8764.794083189345,-0.12352059168106555,-0.12444455918608854,-0.47275774149875666,-0.26994380556071995,1364,233,5.456,10,False,-0.06231805802495697,-0.014681933094493227,0.9236929086538462
57,9094d8f9d107,strength_pullback,"{""family"": ""strength_pullback"", ""gap_max"": -0.03, ""min_adv20"": 50000000.0, ""mom3_min"": null, ""prev_return_min"": 0.03}",0.02,0.08,20.0,5306,12327.45547730021,0.23274554773002087,0.011715867517214873,0.2509278294782937,-0.15159214545662192,1709,673,0.3775127015683676,10,False,-0.022,10587.9899832483,0.05879899832483004,0.01920195412422676,0.3152356809218822,-0.06934158107799526,371,142,0.4900924702774108,10,False,-0.022,10686.087627975916,0.06860876279759154,0.02242562222647959,0.6629481650163633,-0.040654205701826984,314,129,0.41644562334217505,10,False,-0.017123682039337333,9251.321466350402,-0.07486785336495982,-0.07544361470351835,-1.9490067285409751,-0.07946874337995169,107,57,0.428,10,False,-0.022,-0.06430785144358853,0.9235652043269231
58,bc285654537b,gap_down_reversal,"{""family"": ""gap_down_reversal"", ""gap_max"": -0.02, ""min_adv20"": 50000000.0, ""prev_return_max"": 0.0}",,,20.0,34863,38274.89153501608,2.8274891535016082,0.07757744201176409,0.45639087275130524,-0.4657235633452599,10028,2964,2.215153523304617,10,False,-0.1487492497994693,12567.289686358527,0.2567289686358527,0.07903825635692452,0.5151185011171089,-0.19721831004283452,2030,524,2.6816380449141346,10,False,-0.06620893445699566,5819.805204388345,-0.4180194795611655,-0.16549625914259292,-0.8815870010693034,-0.4795870553949425,2532,567,3.3580901856763927,10,False,-0.06129574702629674,10513.717181292432,0.05137171812924324,0.05179315627237413,0.3379824361071669,-0.16495356434582187,814,188,3.256,10,False,-0.04909325137930075,-0.05872762836580364,0.9233548677884614
59,09083fc9d5b0,strength_pullback,"{""family"": ""strength_pullback"", ""gap_max"": -0.05, ""min_adv20"": 20000000.0, ""mom3_min"": null, ""prev_return_min"": 0.08}",0.04,0.08,20.0,893,12712.04902571723,0.2712049025717229,0.013447518752367271,0.37496177932533314,-0.060592800324751006,304,133,0.06715263971725205,10,False,-0.026361532899493854,12092.347042039386,0.20923470420393864,0.06528840969096339,0.8595704714670135,-0.032369098109716665,94,22,0.12417437252311757,10,False,-0.023642706047295278,10062.889282647318,0.006288928264731819,0.0020974848998356332,0.22176063209065425,-0.012547154088000001,10,10,0.013262599469496022,1,False,-0.004200000000000001,9528.308930698146,-0.04716910693018539,-0.04753734558555334,-1.1276049184269052,-0.04716910693018539,12,3,0.048,10,False,-0.042,-0.48460869214168034,0.9233360877403847
60,1af11369c7c2,gap_down_reversal,"{""family"": ""gap_down_reversal"", ""gap_max"": -0.03, ""min_adv20"": 20000000.0, ""prev_return_max"": -0.05}",,,20.0,3827,36999.97853946088,2.699997853946088,0.07554727779068937,0.5670046498009743,-0.3052034213886783,1335,505,0.29489728296885354,10,False,-0.10911905776559479,11344.86922427503,0.13448692242750293,0.04289928061824333,0.4270043299111184,-0.13927422303285064,274,80,0.3619550858652576,10,False,-0.08517921068656048,10299.663747112694,0.029966374711269506,0.009917009000822707,0.15414546587830005,-0.14354565432356148,162,77,0.21485411140583555,10,False,-0.039991840763981455,11668.709385286664,0.1668709385286664,0.16831245410298967,1.4207250932825226,-0.023073050117470184,66,32,0.264,10,False,-0.013264238896935709,-0.1400003198898559,0.9233323317307693
61,a464fecfbcff,strength_pullback,"{""family"": ""strength_pullback"", ""gap_max"": -0.02, ""min_adv20"": 20000000.0, ""mom3_min"": null, ""prev_return_min"": 0.05}",,0.08,20.0,6747,18545.331606635013,0.8545331606635012,0.03497902517107043,0.37229842989258716,-0.20074498704496246,2130,785,0.47051027170311466,10,False,-0.10563024028866966,12400.68648101176,0.240068648101176,0.0742551106928091,0.7130224853612075,-0.08390162201340023,378,117,0.49933949801849403,10,False,-0.05962165798259186,10078.600102937753,0.007860010293775366,0.002620109386799019,0.07314984458984741,-0.1454096358517578,320,118,0.4244031830238727,10,False,-0.03664927451746695,9181.924231468005,-0.0818075768531995,-0.0824342921646819,-1.2561039002238927,-0.11785270544312731,93,47,0.372,10,False,-0.05415036026383071,-0.34072405546862033,0.9233285757211538
62,c0e953636eed,gap_down_reversal,"{""family"": ""gap_down_reversal"", ""gap_max"": -0.02, ""min_adv20"": 50000000.0, ""prev_return_max"": -0.05}",,0.08,20.0,5586,22887.59858431296,1.288759858431296,0.0471707618095234,0.4461345171185122,-0.3091228017686587,1860,653,0.41086812458581845,10,False,-0.11440633558164284,13047.079499783862,0.30470794997838624,0.09258081850595423,0.7991666689083672,-0.10748423811138719,377,126,0.49801849405548215,10,False,-0.07462597171191593,10919.265558146039,0.09192655581460385,0.029828513767882647,0.38178061808981995,-0.1687122857564698,323,138,0.42838196286472147,10,False,-0.04055826517662038,12120.811034316841,0.21208110343168407,0.21394758087063237,1.6314477169542827,-0.032295055126585814,111,43,0.444,10,False,-0.01357140177390379,-0.353032151789855,0.9231370192307693
63,57c9f6c91f6f,gap_down_reversal,"{""family"": ""gap_down_reversal"", ""gap_max"": -0.03, ""min_adv20"": 50000000.0, ""prev_return_max"": -0.05}",,0.08,20.0,3432,21936.9444866082,1.1936944486608203,0.04470076363015241,0.476046745326244,-0.2626253249365771,1164,442,0.2571239231278993,10,False,-0.10845823494582545,13126.93136139921,0.312693136139921,0.09480231424923824,0.8796798941505009,-0.10168217226703735,272,79,0.35931307793923384,10,False,-0.07462597171191593,10464.176363321225,0.04641763633212248,0.015279863925234505,0.25338225346691107,-0.11830462456224322,160,77,0.21220159151193635,10,False,-0.039991840763981455,11398.112523303667,0.13981125233036673,0.14100514721302781,1.5100974770475803,-0.023073050117470184,66,32,0.264,10,False,-0.013264238896935709,-0.4036331488242568,0.9228891225961539
64,8ad8b03a155d,relative_weakness_reversal,"{""family"": ""relative_weakness_reversal"", ""gap_max"": -0.03, ""min_adv20"": 50000000.0, ""mom3_max"": -0.05, ""prev_return_percentile_max"": 0.1}",0.02,,20.0,2528,18012.090664777224,0.8012090664777225,0.0332995340751725,0.5371196414786954,-0.13913439506650582,1229,555,0.2714822178042854,10,False,-0.022,10823.676538620408,0.08236765386204081,0.02669898324902409,0.39665556256180073,-0.1175785335836953,305,95,0.40290620871862615,10,False,-0.022,9899.140373022019,-0.010085962697798045,-0.0033822870295077134,-0.010875287582408416,-0.10748143004699029,237,115,0.31432360742705573,10,False,-0.022,10120.661249661822,0.012066124966182201,0.01216323866214708,0.25589632964119313,-0.05206310410358217,93,41,0.372,10,False,-0.022,-0.14046407891689466,0.9228891225961537
65,f658e12deece,strength_pullback,"{""family"": ""strength_pullback"", ""gap_max"": -0.05, ""min_adv20"": 50000000.0, ""mom3_min"": null, ""prev_return_min"": 0.05}",0.02,,20.0,1364,11824.486830213436,0.18244868302134365,0.009372573327025346,0.2725690944848892,-0.10121538382700168,418,190,0.09233487961122155,10,False,-0.022,10797.128303937741,0.07971283039377419,0.025859978752617696,0.5051872612869094,-0.037589219563411436,120,34,0.15852047556142668,10,False,-0.01771299726203899,10153.736464809697,0.015373646480969727,0.005112068253753543,0.38301132836727436,-0.012402566618251565,43,29,0.05702917771883289,6,False,-0.0066,9614.489422143508,-0.038551057785649157,-0.03885339606551674,-1.7249872632476804,-0.038551057785649157,19,9,0.076,10,False,-0.022,-0.2326181668020202,0.9227501502403846
66,428d06c0115b,gap_down_reversal,"{""family"": ""gap_down_reversal"", ""gap_max"": -0.05, ""min_adv20"": 20000000.0, ""prev_return_max"": 0.0}",,0.04,20.0,6443,15718.516247894651,0.5718516247894652,0.0254947610565599,0.36050393179038154,-0.27309032660670396,2538,1359,0.5606361829025845,10,False,-0.10628595490546582,11428.659994683214,0.14286599946832146,0.04545714121016964,0.6144377992154362,-0.09448958126638485,519,222,0.6856010568031704,10,False,-0.03928033865061724,7693.82591606392,-0.230617408393608,-0.08389177580607621,-1.0475005310330936,-0.28010788351625837,558,278,0.7400530503978779,10,False,-0.052378952543084334,9396.949484611026,-0.060305051538897314,-0.06077252727207427,-0.6377526116685714,-0.10376286914062272,251,101,1.004,10,False,-0.04100219300593627,-0.25393386742505464,0.9224984975961539
67,86304e72e668,strength_pullback,"{""family"": ""strength_pullback"", ""gap_max"": -0.03, ""min_adv20"": 20000000.0, ""mom3_min"": null, ""prev_return_min"": 0.05}",0.06,,20.0,3701,13450.570227706503,0.3450570227706502,0.01663833086377986,0.23150581889320432,-0.180685890477987,1245,462,0.27501656726308815,10,False,-0.062,10814.303035563118,0.08143030355631176,0.026402909155962995,0.3601648170336919,-0.05757819719272306,229,81,0.30250990752972257,10,False,-0.05153913519768673,11213.92455374314,0.12139245537431398,0.039034267753510266,1.1192554095549427,-0.031517026539343074,150,67,0.1989389920424403,8,False,-0.030456022254574423,9172.662937240208,-0.0827337062759792,-0.08336718966792722,-1.3006533358539192,-0.09685321976399686,45,29,0.18,10,False,-0.062,-0.1286589981404876,0.9224684495192308
68,3ed7f7bfd998,strength_pullback,"{""family"": ""strength_pullback"", ""gap_max"": -0.01, ""min_adv20"": 50000000.0, ""mom3_min"": null, ""prev_return_min"": 0.08}",,0.08,20.0,4412,14826.00172621405,0.4826001726214051,0.02216316198358914,0.29545633855583425,-0.20179137794812407,1601,677,0.35365584272144907,10,False,-0.07347692240482444,11266.355572175913,0.12663555721759123,0.04049105069046832,0.4235340634909506,-0.10548868457227345,332,110,0.4385733157199472,10,False,-0.05962165798259186,9704.669982923682,-0.029533001707631734,-0.00996910860393041,-0.1815142225119128,-0.10803207619812605,230,125,0.3050397877984085,10,False,-0.033860933660933665,8999.902403173466,-0.10000975968265335,-0.10076810556949012,-1.7615293416174376,-0.10030049327747115,71,44,0.284,10,False,-0.05415036026383071,-0.12807772493511632,0.9222656250000001
69,ff0c04cd4590,relative_weakness_reversal,"{""family"": ""relative_weakness_reversal"", ""gap_max"": -0.03, ""min_adv20"": 50000000.0, ""mom3_max"": -0.05, ""prev_return_percentile_max"": 0.2}",,,20.0,3635,30130.71270933968,2.013071270933968,0.06332136329653193,0.49290817861125025,-0.22669816403728094,1473,606,0.32538104705102716,10,False,-0.1462398767783481,12075.343678470756,0.20753436784707557,0.0647895253124331,0.5426595990274703,-0.21013818983502086,354,105,0.4676354029062087,10,False,-0.11428743304051348,11214.192683995161,0.12141926839951611,0.03904257092094521,0.39610114161856697,-0.11227723671942624,275,122,0.3647214854111406,10,False,-0.04168813389755347,10637.926905893784,0.06379269058937842,0.06431910484322989,0.6495061698428144,-0.04614200270888691,107,44,0.428,10,False,-0.02852611315836693,-0.04975142041622005,0.9220590444711538
70,27d7d68a866d,strength_pullback,"{""family"": ""strength_pullback"", ""gap_max"": -0.03, ""min_adv20"": 20000000.0, ""mom3_min"": null, ""prev_return_min"": 0.03}",0.04,0.08,20.0,5993,13296.83146189814,0.329683146189814,0.01598797038011157,0.2517193436327117,-0.21835918077811978,2027,795,0.44775789706207203,10,False,-0.042,10616.236394993195,0.06162363949931948,0.020106287620848207,0.25920980450112596,-0.0874617550884994,389,145,0.5138705416116248,10,False,-0.042,10889.846741032783,0.08898467410327826,0.02890036882228242,0.6545427502476321,-0.06476614400877567,314,129,0.41644562334217505,10,False,-0.031152981947837922,9050.525598391077,-0.0949474401608923,-0.09566947270502035,-1.5919882406297015,-0.11212915488593267,107,57,0.428,10,False,-0.042,-0.0074904608684142615,0.9219350961538461
71,5f620c86c190,gap_down_reversal,"{""family"": ""gap_down_reversal"", ""gap_max"": -0.03, ""min_adv20"": 50000000.0, ""prev_return_max"": 0.0}",,0.08,20.0,16272,32424.266363796574,2.2424266363796574,0.06767260696734723,0.5182762079413358,-0.31187009543595634,5401,2127,1.1930638391870996,10,False,-0.1487492497994693,14887.758074438178,0.48877580744381777,0.1416517978222085,0.9693824943941131,-0.10294845590378654,1172,391,1.548216644649934,10,False,-0.058217640260405455,6041.012557497002,-0.3958987442502998,-0.15502659003157204,-1.1332437901990733,-0.4493713098145561,1428,436,1.893899204244032,10,False,-0.05596621165495238,10065.47400880247,0.0065474008802470784,0.0065999525599163,0.1249359198028769,-0.13690132498370478,531,146,2.124,10,False,-0.04909325137930075,-0.4511062864527773,0.9217698317307692
72,f18b9f6360d4,strength_pullback,"{""family"": ""strength_pullback"", ""gap_max"": -0.03, ""min_adv20"": 20000000.0, ""mom3_min"": null, ""prev_return_min"": 0.03}",0.02,0.08,20.0,5993,14951.549699389663,0.49515496993896635,0.022643078278593354,0.43524916466863806,-0.13517533027716166,2027,795,0.44775789706207203,10,False,-0.022,10561.752427703213,0.056175242770321265,0.018360492961919217,0.29822153288171493,-0.07510984839323165,389,145,0.5138705416116248,10,False,-0.022,10686.087627975916,0.06860876279759154,0.02242562222647959,0.6629481650163633,-0.040654205701826984,314,129,0.41644562334217505,10,False,-0.017123682039337333,9251.321466350402,-0.07486785336495982,-0.07544361470351835,-1.9490067285409751,-0.07946874337995169,107,57,0.428,10,False,-0.022,-0.13702763178692312,0.92158203125
73,b21865ee2a15,strength_pullback,"{""family"": ""strength_pullback"", ""gap_max"": -0.03, ""min_adv20"": 50000000.0, ""mom3_min"": null, ""prev_return_min"": 0.05}",0.04,,20.0,3308,13212.943433318796,0.32129434333187956,0.015630098556390415,0.26041122845129017,-0.15493718508853982,1062,392,0.2345924453280318,10,False,-0.042,10442.709223025813,0.04427092230258123,0.0145250566155386,0.2237129727497035,-0.051279023752933695,219,78,0.2892998678996037,10,False,-0.042,11109.925077001952,0.1109925077001952,0.03580370457231696,1.1167026641755824,-0.024720493394136178,150,67,0.1989389920424403,8,False,-0.023802866204377944,9384.772432854208,-0.061522756714579185,-0.061999357101847785,-1.3862169924606067,-0.07596877112220424,45,29,0.18,10,False,-0.042,-0.03669825570158666,0.9214543269230769
74,199a2be161f3,strength_pullback,"{""family"": ""strength_pullback"", ""gap_max"": -0.05, ""min_adv20"": 20000000.0, ""mom3_min"": null, ""prev_return_min"": 0.05}",0.04,0.08,20.0,1482,12903.275163821972,0.2903275163821972,0.014290188231105505,0.3338965162642766,-0.09579062024448848,496,226,0.10956483322288492,10,False,-0.026361532899493854,11995.877531486969,0.19958775314869692,0.06245172806452781,0.7970433766610049,-0.0330238969011345,125,35,0.16512549537648613,10,False,-0.02894546786617231,10401.375149369387,0.040137514936938734,0.013239312013283211,0.859795171852278,-0.009832926741962011,43,29,0.05702917771883289,6,False,-0.00828512007290742,9368.033890851202,-0.06319661091487982,-0.06368573323948379,-1.499895964260418,-0.06516716932069555,19,9,0.076,10,False,-0.042,-0.4631468603967283,0.9214205228365384
75,9c1a531d4909,relative_weakness_reversal,"{""family"": ""relative_weakness_reversal"", ""gap_max"": -0.03, ""min_adv20"": 50000000.0, ""mom3_max"": 0.0, ""prev_return_percentile_max"": 0.2}",0.06,,20.0,6409,25910.14892031041,1.591014892031041,0.054426270481521044,0.46821405625282025,-0.2938539577030914,2789,1277,0.6160812900375524,10,False,-0.05643440651381917,11583.178047527907,0.15831780475279067,0.05014146043053347,0.45561952723611415,-0.20405469327267145,623,229,0.8229854689564069,10,False,-0.062,9778.674987691453,-0.02213250123085475,-0.007452248686295682,-0.004503278306941462,-0.18938278627847982,565,263,0.7493368700265252,10,False,-0.04901596076382426,10164.373735525376,0.016437373552537604,0.0165699560627659,0.19591124987123043,-0.09416479837948333,252,97,1.008,10,False,-0.036325899048963245,-0.012594529016706102,0.9213942307692308
76,99e698e77e1f,strength_pullback,"{""family"": ""strength_pullback"", ""gap_max"": -0.05, ""min_adv20"": 20000000.0, ""mom3_min"": null, ""prev_return_min"": 0.08}",0.02,,20.0,893,11330.405624056355,0.13304056240563544,0.006977177984530014,0.2624162561521479,-0.06458555439463731,304,133,0.06715263971725205,10,False,-0.022,10810.730351659375,0.08107303516593745,0.02629001630076755,0.5350618377375336,-0.02603832812446505,94,22,0.12417437252311757,10,False,-0.014410235443161962,9996.246018683714,-0.00037539813162856817,-0.00012548030972292512,-0.022302360208859746,-0.010951706362923419,10,10,0.013262599469496022,1,False,-0.0021999999999999997,9737.0153352,-0.026298466480000005,-0.02650604107084298,-1.1939078675567534,-0.026298466480000005,12,3,0.048,10,False,-0.022,-0.27264558158538565,0.9210674579326924
77,9ec847f02700,strength_pullback,"{""family"": ""strength_pullback"", ""gap_max"": -0.03, ""min_adv20"": 20000000.0, ""mom3_min"": null, ""prev_return_min"": 0.05}",0.06,0.08,20.0,3701,14486.140932770364,0.4486140932770364,0.020844501641023028,0.3098555867708074,-0.14309184006047349,1245,462,0.27501656726308815,10,False,-0.062,12008.045496578628,0.20080454965786276,0.06281036326984313,0.69040090344901,-0.05608286830898046,229,81,0.30250990752972257,10,False,-0.05153913519768673,11341.030372571135,0.13410303725711348,0.04295561554963867,1.2253457254369122,-0.031517026539343074,150,67,0.1989389920424403,8,False,-0.030456022254574423,9212.878811953102,-0.07871211880468987,-0.07931615816885607,-1.22508601035221,-0.09289353673521494,45,29,0.18,10,False,-0.062,-0.38054531667820257,0.9209247295673076
78,4aa717f17236,strength_pullback,"{""family"": ""strength_pullback"", ""gap_max"": -0.02, ""min_adv20"": 20000000.0, ""mom3_min"": null, ""prev_return_min"": 0.05}",0.06,,20.0,6747,17682.0369769147,0.7682036976914699,0.03223631455790721,0.3504327304281176,-0.2072563730679201,2130,785,0.47051027170311466,10,False,-0.062,10618.14170425653,0.06181417042565296,0.02016722994146347,0.2610630465195797,-0.07723174547129186,378,117,0.49933949801849403,10,False,-0.05153913519768673,10091.378153028876,0.009137815302887597,0.003044774684767937,0.0803984871134406,-0.14280442308615915,320,118,0.4244031830238727,10,False,-0.04030484069914213,9179.9280620848,-0.08200719379152,-0.08263536852443554,-1.1831446195670696,-0.11804448609568774,93,47,0.372,10,False,-0.062,-0.08936968390853794,0.9207256610576923
79,99977e183785,relative_weakness_reversal,"{""family"": ""relative_weakness_reversal"", ""gap_max"": -0.03, ""min_adv20"": 20000000.0, ""mom3_max"": -0.05, ""prev_return_percentile_max"": 0.2}",0.06,,20.0,4067,31315.31024906315,2.131531024906315,0.0656063393514481,0.581084692491717,-0.17023382884771632,1711,695,0.3779544952507179,10,False,-0.05643440651381917,11414.940400149766,0.14149404001497667,0.04503918494619086,0.4488979441459146,-0.1653125832176653,358,105,0.47291941875825627,10,False,-0.062,11311.746374524548,0.13117463745245472,0.04205477783867706,0.42940737090396836,-0.12154345874643036,276,122,0.3660477453580902,10,False,-0.04901596076382426,10455.429558492671,0.04554295584926704,0.04591553935023729,0.47474784471956044,-0.06371213249770913,107,44,0.428,10,False,-0.036325899048963245,-0.1321867483458024,0.9204326923076924
80,dea5ba209917,gap_down_reversal,"{""family"": ""gap_down_reversal"", ""gap_max"": -0.03, ""min_adv20"": 50000000.0, ""prev_return_max"": null}",,0.08,20.0,30301,28196.429576361905,1.8196429576361903,0.05940131479023392,0.41031921396626014,-0.3556406542742083,9564,3042,2.112657388999337,10,False,-0.1366351472419785,12336.248215740268,0.23362482157402686,0.07239360455125743,0.46372757101432954,-0.19116746875543933,2131,571,2.8150594451783357,10,False,-0.08050392382133971,5754.940540348822,-0.4245059459651178,-0.16861640985314486,-0.9645772740750186,-0.49645815579094255,2536,592,3.363395225464191,10,False,-0.0633804838697647,9010.134048863838,-0.09898659511361618,-0.09973762003118725,-0.39962098200435586,-0.24227718932469566,928,204,3.712,10,False,-0.06231805802495697,-0.0534083570480694,0.9204176682692307
81,483362307570,relative_weakness_reversal,"{""family"": ""relative_weakness_reversal"", ""gap_max"": -0.03, ""min_adv20"": 20000000.0, ""mom3_max"": -0.05, ""prev_return_percentile_max"": 0.2}",0.06,0.08,20.0,4067,18052.715887324903,0.8052715887324902,0.03342912835661238,0.4353707611401652,-0.21001145933431042,1711,695,0.3779544952507179,10,False,-0.05643440651381917,11508.585661985544,0.15085856619855442,0.04788538073879356,0.49124122485263694,-0.19104045446615503,358,105,0.47291941875825627,10,False,-0.062,10220.156749877291,0.02201567498772916,0.007304748019974383,0.12529497924240396,-0.13002477789473577,276,122,0.3660477453580902,10,False,-0.04901596076382426,10298.811306969523,0.029881130696952196,0.03012374479120239,0.3608074681374584,-0.0569988239009066,107,44,0.428,10,False,-0.0341408492148319,-0.05587046371247173,0.9201697716346156
82,5829c20167a8,strength_pullback,"{""family"": ""strength_pullback"", ""gap_max"": -0.01, ""min_adv20"": 20000000.0, ""mom3_min"": null, ""prev_return_min"": 0.08}",,0.08,20.0,5055,14784.670877858205,0.4784670877858206,0.02200433186777362,0.27851786344301305,-0.18881937936380488,1850,767,0.40865915617406673,10,False,-0.08236301291595202,11133.522172847137,0.11335221728471367,0.036391061868542796,0.38512586593281956,-0.11166615790580103,340,113,0.44914134742404227,10,False,-0.05962165798259186,9704.669982923682,-0.029533001707631734,-0.00996910860393041,-0.1815142225119128,-0.10803207619812605,230,125,0.3050397877984085,10,False,-0.033860933660933665,8999.902403173466,-0.10000975968265335,-0.10076810556949012,-1.7615293416174376,-0.10030049327747115,71,44,0.284,10,False,-0.05415036026383071,-0.10660800248980651,0.9200796274038462
83,871d3b7770cc,strength_pullback,"{""family"": ""strength_pullback"", ""gap_max"": -0.02, ""min_adv20"": 20000000.0, ""mom3_min"": null, ""prev_return_min"": 0.08}",0.06,,20.0,3129,13480.05690887871,0.34800569088787103,0.01676226547046511,0.24398746483368167,-0.18088175813318608,1089,412,0.24055666003976142,10,False,-0.05480927001777565,10707.273307175674,0.07072733071756732,0.023010035674896345,0.3084747090715674,-0.08826030375435612,222,66,0.29326287978863935,10,False,-0.05153913519768673,10365.190098625993,0.03651900986259937,0.012059851831596413,0.4347265290472905,-0.0580069545035794,100,64,0.13262599469496023,10,False,-0.0124,9324.989333839287,-0.06750106661607136,-0.0680222793454256,-1.0736586599831264,-0.07912541349609781,31,18,0.124,10,False,-0.062,-0.06448724423788571,0.9197002704326923
84,012c3a32d272,relative_weakness_reversal,"{""family"": ""relative_weakness_reversal"", ""gap_max"": -0.03, ""min_adv20"": 50000000.0, ""mom3_max"": 0.0, ""prev_return_percentile_max"": 0.05}",0.06,,20.0,2519,18165.80943640314,0.8165809436403138,0.033788451104787676,0.39865710787697584,-0.17990962389810183,1415,755,0.31256903026286725,10,False,-0.054918571397990654,11134.83044293205,0.1134830442932051,0.03643160115788935,0.3944144399055996,-0.1807214883197097,387,135,0.5112285336856011,10,False,-0.062,11202.284128771744,0.12022841287717445,0.03867367216944806,0.42064476420110203,-0.1595781117372177,282,153,0.3740053050397878,10,False,-0.036466858853727815,10501.90163116694,0.05019016311669411,0.050601676767217274,0.6001800441770991,-0.04342153767697443,112,53,0.448,10,False,-0.036325899048963245,-0.004242667971376235,0.9195913461538461
85,4ace9f1f7146,strength_pullback,"{""family"": ""strength_pullback"", ""gap_max"": -0.01, ""min_adv20"": 50000000.0, ""mom3_min"": null, ""prev_return_min"": 0.08}",0.06,0.08,20.0,4412,13821.709580380173,0.38217095803801726,0.018179882062506536,0.2658794118173944,-0.17664735960592437,1601,677,0.35365584272144907,10,False,-0.05480927001777565,10755.406858138997,0.07554068581389961,0.02453866961583695,0.2863977911621908,-0.1126944695719111,332,110,0.4385733157199472,10,False,-0.05153913519768673,9843.243002772573,-0.01567569972274263,-0.005266672931278804,-0.09624969397623699,-0.08964338743356615,230,125,0.3050397877984085,10,False,-0.03372185177900613,8974.397906583896,-0.10256020934161048,-0.10333676343989984,-1.6261379345312683,-0.10285011903705166,71,44,0.284,10,False,-0.062,-0.02051837934479639,0.9192420372596155
86,a0f7b9b4c7b2,strength_pullback,"{""family"": ""strength_pullback"", ""gap_max"": -0.02, ""min_adv20"": 20000000.0, ""mom3_min"": null, ""prev_return_min"": 0.05}",,,20.0,6747,15026.357692105263,0.5026357692105263,0.022927231147052085,0.23921243963097472,-0.2725269204004076,2130,785,0.47051027170311466,10,False,-0.12940941459653774,10965.595525636898,0.09655955256368975,0.03116092307358409,0.3711152662800965,-0.08390162201340023,378,117,0.49933949801849403,10,False,-0.05962165798259186,9639.989596541154,-0.03600104034588458,-0.012179330316631876,-0.15060669541586189,-0.1474249144750549,320,118,0.4244031830238727,10,False,-0.0371868954712146,9141.843479072031,-0.08581565209279685,-0.08647160379764762,-1.3305586042954418,-0.12170343720681753,93,47,0.372,10,False,-0.05415036026383071,-0.13190282664912178,0.9188363882211539
87,5a6e7fa25f1b,strength_pullback,"{""family"": ""strength_pullback"", ""gap_max"": -0.05, ""min_adv20"": 20000000.0, ""mom3_min"": null, ""prev_return_min"": 0.08}",,0.04,20.0,893,11976.630783841052,0.19766307838410513,0.010091176867395912,0.33390752021262254,-0.07418089227775737,304,133,0.06715263971725205,10,False,-0.04373161180458446,11203.02161145004,0.12030216114500392,0.03854025258034777,0.7831471022177549,-0.03199394203392936,94,22,0.12417437252311757,10,False,-0.031993942033929294,9774.808043332689,-0.022519195666731107,-0.007583446227404922,-0.3602952834519798,-0.035657588095993176,10,10,0.013262599469496022,1,False,-0.033860933660933665,9411.684226501251,-0.058831577349874875,-0.05928799486549685,-1.0626451601738405,-0.058831577349874875,12,3,0.048,10,False,-0.05572121915373039,-0.4492395820051323,0.9187762920673078
88,2a20e14386c7,strength_pullback,"{""family"": ""strength_pullback"", ""gap_max"": -0.02, ""min_adv20"": 50000000.0, ""mom3_min"": null, ""prev_return_min"": 0.05}",0.06,,20.0,5935,13713.67020842079,0.37136702084207895,0.017735206862450115,0.22709141656724124,-0.24516722729622942,1825,670,0.40313673514468745,10,False,-0.062,10510.474200359888,0.05104742003598872,0.016711921164480614,0.2259496639923,-0.08251444606628222,364,115,0.4808454425363276,10,False,-0.05153913519768673,10091.378153028876,0.009137815302887597,0.003044774684767937,0.0803984871134406,-0.14280442308615915,320,118,0.4244031830238727,10,False,-0.04030484069914213,9179.9280620848,-0.08200719379152,-0.08263536852443554,-1.1831446195670696,-0.11804448609568774,93,47,0.372,10,False,-0.062,-0.0011417525749412571,0.9185471754807693
89,dfb123e8fc2e,strength_pullback,"{""family"": ""strength_pullback"", ""gap_max"": -0.02, ""min_adv20"": 20000000.0, ""mom3_min"": null, ""prev_return_min"": 0.08}",0.04,0.08,20.0,3129,13136.142350646758,0.3136142350646758,0.015300573713267651,0.27825922036703177,-0.14703631334491196,1089,412,0.24055666003976142,10,False,-0.039317353697835795,11352.256455144267,0.13522564551442673,0.04312529439103652,0.5157643709873628,-0.08696660249452093,222,66,0.29326287978863935,10,False,-0.042,10600.754792040041,0.060075479204004134,0.019689620026779098,0.7325036522852357,-0.04054969669702169,100,64,0.13262599469496023,10,False,-0.008400000000000001,9482.580767482572,-0.05174192325174276,-0.052144874460473556,-1.192630350249176,-0.06078526998430622,31,18,0.124,10,False,-0.042,-0.23750515062033106,0.9177884615384615
90,b94d90793f9b,strength_pullback,"{""family"": ""strength_pullback"", ""gap_max"": -0.02, ""min_adv20"": 50000000.0, ""mom3_min"": null, ""prev_return_min"": 0.05}",,0.02,20.0,5935,12362.720311506548,0.23627203115065476,0.011876758273517973,0.2652592642543551,-0.12333423235076324,1825,670,0.40313673514468745,10,False,-0.0738129506143084,10284.42552931339,0.028442552931339016,0.009379893043012233,0.2150035009303601,-0.0475018951286551,364,115,0.4808454425363276,10,False,-0.041441636461333795,10469.227186276414,0.0469227186276413,0.015443621837833543,0.3278158972897075,-0.09008969287175672,320,118,0.4244031830238727,10,False,-0.03664927451746695,9544.72686960938,-0.04552731303906199,-0.045883045524792054,-0.7774487671925422,-0.08594933839738139,93,47,0.372,10,False,-0.04962288438277816,-0.05025576332399498,0.9177471454326924
91,5fea79793b54,relative_weakness_reversal,"{""family"": ""relative_weakness_reversal"", ""gap_max"": -0.03, ""min_adv20"": 20000000.0, ""mom3_max"": 0.0, ""prev_return_percentile_max"": 0.1}",,,20.0,4593,29813.348394762204,1.9813348394762205,0.06269478899202086,0.47673630029549197,-0.2263985377100618,2408,1181,0.5319195935498122,10,False,-0.14695611304480086,11750.987531360373,0.1750987531360373,0.05518173645476998,0.46760839524255576,-0.21997961763020668,490,177,0.6472919418758256,10,False,-0.11428743304051348,9885.101307507104,-0.01148986924928963,-0.0038548978519452604,0.024377857199540852,-0.2009373703053221,424,210,0.5623342175066313,10,False,-0.04168813389755347,10802.122965232684,0.08021229652326833,0.08087927499491232,0.8438596715364702,-0.05106043001798144,175,77,0.7,10,False,-0.029538993612549247,-0.009127905052936203,0.9176908052884616
92,2f8fef8751bb,relative_weakness_reversal,"{""family"": ""relative_weakness_reversal"", ""gap_max"": -0.03, ""min_adv20"": 50000000.0, ""mom3_max"": -0.05, ""prev_return_percentile_max"": 0.1}",,0.08,20.0,2528,18382.877655456618,0.8382877655456618,0.03447224446294106,0.4096847550773028,-0.20265824649757058,1229,555,0.2714822178042854,10,False,-0.149190967170852,12768.005096588244,0.2768005096588244,0.08474490630423914,0.7459159502778342,-0.11678375535318986,305,95,0.40290620871862615,10,False,-0.09979117776153658,10849.581273941309,0.08495812739413089,0.027627308967550057,0.3609418589993163,-0.1095504033872825,237,115,0.31432360742705573,10,False,-0.04168813389755347,10448.559937252165,0.044855993725216425,0.045222836589952964,0.5635096984317924,-0.03374750688380468,93,41,0.372,10,False,-0.024511810018071418,-0.3362311952005314,0.9174053485576924
93,2fc519d0e0c8,strength_pullback,"{""family"": ""strength_pullback"", ""gap_max"": -0.05, ""min_adv20"": 20000000.0, ""mom3_min"": null, ""prev_return_min"": 0.05}",0.04,,20.0,1482,12076.566739299904,0.20765667392999032,0.010558516398081697,0.22933668362516052,-0.12545067802467202,496,226,0.10956483322288492,10,False,-0.031814161657681396,11098.904464915495,0.10989044649154955,0.035317208423612856,0.5424844663730296,-0.0330238969011345,125,35,0.16512549537648613,10,False,-0.02894546786617231,10269.736687992254,0.02697366879922547,0.008935314342712442,0.6022088443020225,-0.01751870237479769,43,29,0.05702917771883289,6,False,-0.00828512007290742,9368.033890851202,-0.06319661091487982,-0.06368573323948379,-1.499895964260418,-0.06516716932069555,19,9,0.076,10,False,-0.042,-0.3131477827478691,0.9170935997596152
94,d6165b282d70,relative_weakness_reversal,"{""family"": ""relative_weakness_reversal"", ""gap_max"": -0.03, ""min_adv20"": 50000000.0, ""mom3_max"": 0.0, ""prev_return_percentile_max"": 0.1}",,,20.0,4123,28372.14154878635,1.8372141548786347,0.059767738178940766,0.46482568006295505,-0.22390375983072297,2069,1015,0.4570355643914292,10,False,-0.14695611304480086,11866.186401565763,0.18661864015657637,0.05861408237182175,0.4924471887634537,-0.21824608562802217,483,175,0.6380449141347424,10,False,-0.11428743304051348,9883.85290289958,-0.01161470971004197,-0.0038969457505627636,0.023484076562560185,-0.19592437033462295,419,208,0.5557029177718833,10,False,-0.04168813389755347,10802.122965232684,0.08021229652326833,0.08087927499491232,0.8438596715364702,-0.05106043001798144,175,77,0.7,10,False,-0.029538993612549247,-0.027621508700498676,0.9170372596153846
95,c47d268adf78,strength_pullback,"{""family"": ""strength_pullback"", ""gap_max"": -0.02, ""min_adv20"": 20000000.0, ""mom3_min"": null, ""prev_return_min"": 0.1}",,0.08,20.0,1885,13160.622837128874,0.31606228371288747,0.015405807456887022,0.26608795578059313,-0.14864638020749643,713,288,0.15749944775789707,10,False,-0.0784773610611529,11710.103056509091,0.17101030565090913,0.05395818940989794,0.591270449090698,-0.06910430917053523,151,42,0.19947159841479525,10,False,-0.05962165798259186,9737.578065048781,-0.026242193495121913,-0.008848354991729979,-0.35237579927332896,-0.05455890809178121,55,38,0.07294429708222812,5,False,-0.033860933660933665,9377.77374666111,-0.06222262533388889,-0.0627044642985195,-1.1061402515236705,-0.07489496692321751,26,14,0.104,10,False,-0.05415036026383071,-0.3251824933101049,0.9167255108173077
96,13b69332b842,relative_weakness_reversal,"{""family"": ""relative_weakness_reversal"", ""gap_max"": -0.03, ""min_adv20"": 20000000.0, ""mom3_max"": 0.0, ""prev_return_percentile_max"": 0.2}",,,20.0,7225,33416.03019962304,2.341603019962304,0.06946474608432496,0.4961174112368575,-0.3137502720104277,3289,1509,0.726529710625138,10,False,-0.1462398767783481,12604.408691446695,0.2604408691446696,0.080098165974134,0.6154246481141743,-0.2143379249041515,629,231,0.8309114927344782,10,False,-0.11428743304051348,9379.670471894564,-0.06203295281054366,-0.02117601515127754,-0.11026840446529491,-0.21755275910100913,572,265,0.7586206896551724,10,False,-0.04168813389755347,10426.74111924821,0.04267411192482107,0.04302274595065847,0.41321584214583396,-0.08041293349456491,252,97,1.008,10,False,-0.03185516432387964,-0.11930723687731681,0.9166691706730768
97,7cda71ae3193,relative_weakness_reversal,"{""family"": ""relative_weakness_reversal"", ""gap_max"": -0.03, ""min_adv20"": 20000000.0, ""mom3_max"": 0.0, ""prev_return_percentile_max"": 0.2}",0.06,,20.0,7225,29077.241094888574,1.9077241094888575,0.061216891636427295,0.5107906067120092,-0.3183826133242261,3289,1509,0.726529710625138,10,False,-0.05643440651381917,11571.534780913016,0.15715347809130154,0.049789944310805634,0.45303477393635516,-0.20676179126908878,629,231,0.8309114927344782,10,False,-0.062,9642.9283084267,-0.035707169157329965,-0.012078696560885449,-0.04188509888428734,-0.19617041055193962,572,265,0.7586206896551724,10,False,-0.04901596076382426,10164.373735525376,0.016437373552537604,0.0165699560627659,0.19591124987123043,-0.09416479837948333,252,97,1.008,10,False,-0.036325899048963245,-0.05775583277565399,0.9166090745192308
98,514553509689,strength_pullback,"{""family"": ""strength_pullback"", ""gap_max"": -0.03, ""min_adv20"": 50000000.0, ""mom3_min"": null, ""prev_return_min"": 0.05}",0.06,,20.0,3308,12390.25542289029,0.23902554228902906,0.012002082247076551,0.18421487858288652,-0.21230638774844868,1062,392,0.2345924453280318,10,False,-0.062,10622.852436131754,0.062285243613175334,0.02031787387351347,0.2887741907299928,-0.05608286830898057,219,78,0.2892998678996037,10,False,-0.05153913519768673,11213.92455374314,0.12139245537431398,0.039034267753510266,1.1192554095549427,-0.031517026539343074,150,67,0.1989389920424403,8,False,-0.030456022254574423,9172.662937240208,-0.0827337062759792,-0.08336718966792722,-1.3006533358539192,-0.09685321976399686,45,29,0.18,10,False,-0.062,-0.10455931214710626,0.9165790264423076
99,f187ec71008b,relative_weakness_reversal,"{""family"": ""relative_weakness_reversal"", ""gap_max"": -0.03, ""min_adv20"": 50000000.0, ""mom3_max"": 0.0, ""prev_return_percentile_max"": 0.1}",0.06,,20.0,4123,23939.49267101256,1.3939492671012559,0.04979334161502336,0.46008881206721847,-0.20855778919056722,2069,1015,0.4570355643914292,10,False,-0.05495209580838323,11292.219190388118,0.12922191903881175,0.04128559218891037,0.4027651850388635,-0.18749147422222645,483,175,0.6380449141347424,10,False,-0.062,9815.26096751895,-0.01847390324810494,-0.006212666966027958,-0.0006033980907699859,-0.21157054932648356,419,208,0.5557029177718833,10,False,-0.04204826264998293,10559.677133237457,0.05596771332374573,0.05642785737572886,0.5909140949797378,-0.06302924090515494,175,77,0.7,10,False,-0.036325899048963245,-0.05732362702835497,0.9163762019230768
100,d90a7b6ad302,relative_weakness_reversal,"{""family"": ""relative_weakness_reversal"", ""gap_max"": -0.03, ""min_adv20"": 20000000.0, ""mom3_max"": -0.05, ""prev_return_percentile_max"": 0.2}",,0.04,20.0,4067,17190.39214892502,0.719039214892502,0.030617278898714018,0.4295056626724318,-0.1860500886307339,1711,695,0.3779544952507179,10,False,-0.10087886282847243,12286.671706339996,0.22866717063399955,0.07095700807979699,0.728996531608046,-0.13334801199380186,358,105,0.47291941875825627,10,False,-0.09569325344135733,9641.538113641716,-0.035846188635828335,-0.012126300085160358,-0.13458641539124605,-0.1220568323528094,276,122,0.3660477453580902,10,False,-0.04168813389755347,10282.06846015424,0.028206846015423892,0.028435679240677247,0.4085237151123235,-0.03457897757811457,107,44,0.428,10,False,-0.02852611315836693,-0.2994908689356142,0.9162334735576922
