trades,win_rate,avg_return,median_return,expectancy,profit_factor,max_drawdown,sharpe,worst_losing_streak,train_trades,train_win_rate,train_avg_return,train_median_return,train_expectancy,train_profit_factor,train_max_drawdown,train_sharpe,train_worst_losing_streak,validation_trades,validation_win_rate,validation_avg_return,validation_median_return,validation_expectancy,validation_profit_factor,validation_max_drawdown,validation_sharpe,validation_worst_losing_streak,oos_trades,oos_win_rate,oos_avg_return,oos_median_return,oos_expectancy,oos_profit_factor,oos_max_drawdown,oos_sharpe,oos_worst_losing_streak,oos_ci_low,oos_ci_high,portfolio_final_equity,portfolio_total_return,portfolio_cagr,portfolio_annualized_volatility,portfolio_sharpe,portfolio_max_drawdown,portfolio_average_positions,portfolio_max_positions_used,portfolio_accepted_trades,portfolio_skipped_trades,oos_portfolio_final_equity,oos_portfolio_total_return,oos_portfolio_cagr,oos_portfolio_annualized_volatility,oos_portfolio_sharpe,oos_portfolio_max_drawdown,oos_portfolio_average_positions,oos_portfolio_max_positions_used,oos_portfolio_accepted_trades,oos_portfolio_skipped_trades,variant_id,drop_threshold,wait_days,hold_days,min_quality_percentile,require_stabilization,neighbor_count,neighbor_positive_fraction,neighbor_oos_return_median,robustness_score
2588,0.6982225656877898,0.11574218482350333,0.09889049928723648,0.11574218482350333,4.254010937674784,-0.9999999867712495,26.2959048766876,31,1039,0.8065447545717036,0.17868966639431708,0.1698766389677665,0.17868966639431708,7.987742835193959,-0.9999999867712495,24.24546950819143,13,787,0.602287166454892,0.04666524808472212,0.046325336524902005,0.04666524808472212,1.9844676880550824,-0.9999998571699847,7.098696787973709,31,762,0.6496062992125984,0.10125546023209303,0.06974793604575868,0.10125546023209303,3.738126897212733,-0.9999112961198463,12.786467907957348,17,0.08527823709758998,0.11531970363405236,24105.12081465324,1.410512081465324,0.11767329796042758,0.2374299557740763,0.5871270067893491,-0.4003415528883507,8.098344204716508,10,269,2319,13155.197587771016,0.3155197587771015,0.11181236812171402,0.19979462020014108,0.6355427076655785,-0.31343031817059175,8.650306748466258,10,94,668,4e3bc0aec66c,-0.05,0,60,0.0,False,5,1.0,0.09277705366841442,0.99140625
2587,0.6984924623115578,0.11986753739047067,0.09626404826474932,0.11986753739047067,4.441845183725168,-0.9999999343566515,27.186616061550463,29,1039,0.8132820019249278,0.19696122654388232,0.19596747716936924,0.19696122654388232,9.510680822487465,-0.9999988783894811,26.374913951283812,9,787,0.5883100381194409,0.042679434411179606,0.03471680704232172,0.042679434411179606,1.9012783287021253,-0.9999999343566515,6.685755147312811,29,761,0.6557161629434954,0.09443612348023074,0.068860824126454,0.09443612348023074,3.4968186373782584,-0.9999177691751471,12.437338611480985,16,0.07964744093618471,0.10964144535925258,23962.22818521787,1.396222818521787,0.11689533512020556,0.2373811257985954,0.5844485219846275,-0.4056201572849719,8.102409638554217,10,269,2318,12314.209726391167,0.23142097263911676,0.08391713609306817,0.20539684704474773,0.506127321933832,-0.31359863230412155,8.663594470046084,10,94,667,8a16e2137ddf,-0.05,2,60,0.0,False,5,1.0,0.08699765384331593,0.9885416666666667
2093,0.6903965599617774,0.11495378614841559,0.09634273450690445,0.11495378614841559,4.271027177303845,-0.9999995921916416,23.677396099128288,29,807,0.8166047087980174,0.18846826192297725,0.180418718713664,0.18846826192297725,10.009365080161126,-0.9999284284408549,23.604273309647414,15,657,0.5981735159817352,0.04422622489069902,0.04576452029210365,0.04422622489069902,1.889972555693766,-0.9999995921916416,6.009792194658638,29,629,0.6248012718600954,0.09451153781176769,0.05458802499560955,0.09451153781176769,3.474547373577231,-0.9998074358127473,10.75771846256422,18,0.0768366066740272,0.11089877759860438,19165.19336549737,0.9165193365497368,0.08572962932940431,0.2279210671000657,0.47469867726807413,-0.36835200488453423,7.857501254390367,10,261,1832,12582.014468824256,0.25820144688242563,0.09283287378398297,0.19236838281825333,0.5628247241567784,-0.327334545026557,8.466257668711657,10,92,537,f06d1b9ccbf5,-0.05,0,60,0.5,False,6,1.0,0.09296035419343332,0.9877604166666667
2588,0.6982225656877898,0.11971351091586119,0.10185107647610958,0.11971351091586119,4.48931246125096,-0.9999999079091039,27.386191288595764,22,1039,0.8190567853705486,0.1958111970844676,0.19380057158982933,0.1958111970844676,9.745993114577372,-0.999999808111691,26.804924898849308,11,787,0.5959339263024143,0.045329882571988694,0.04237316908421407,0.045329882571988694,1.9523326220713313,-0.9999999079091039,6.95769886055163,22,762,0.6391076115485564,0.09277705366841442,0.06466582482912242,0.09277705366841442,3.5186870980735363,-0.9998923130842597,12.26122096283349,13,0.07936037141252202,0.10775963732500105,24849.805327792623,1.4849805327792622,0.12198137231233752,0.23726384640390444,0.6030395091856806,-0.4024482984639637,8.098344204716508,10,269,2319,12030.126016569118,0.20301260165691182,0.07405042055555722,0.202186229597334,0.45130382179541034,-0.31531331384419015,8.650306748466258,10,94,668,747d3d0318fe,-0.05,1,60,0.0,False,6,1.0,0.08955068581750218,0.9833333333333334
608,0.6924342105263158,0.12192709062846344,0.11764318414532016,0.12192709062846344,4.523005239875823,-0.9955583674523599,13.891497531158857,11,214,0.822429906542056,0.19151697283742983,0.18973642383890688,0.19151697283742983,11.796395428291314,-0.8041949566402061,14.37962288630021,6,182,0.6318681318681318,0.06261781308194003,0.061591278529110394,0.06261781308194003,2.3860915631881254,-0.9955583674523599,4.58420595442145,11,212,0.6132075471698113,0.10259715534897507,0.053020272725451845,0.10259715534897507,3.410297347327304,-0.9017031665305622,6.151406502060719,9,0.0687595718646795,0.13641521452974983,19386.70703399564,0.938670703399564,0.08818477258631474,0.19647100845908747,0.5283101970667622,-0.3263174121791794,5.683890577507599,10,187,421,12366.18616930546,0.23661861693054598,0.08679690495005965,0.18512815852735515,0.5376351190956896,-0.29306953533863955,7.278382581648523,10,78,134,de616963c744,-0.05,0,60,0.7,False,6,1.0,0.0784266228556629,0.9820312500000001
392,0.7780612244897959,0.23384444069177032,0.21932263634774973,0.23384444069177032,10.867386971251742,-0.7872541787273168,16.283160276411504,8,221,0.9095022624434389,0.3375444927236563,0.33563961776564566,0.3375444927236563,38.71596109559893,-0.5224458680540899,18.718140441832503,5,48,0.6041666666666666,0.08440428108093413,0.057473899353987834,0.08440428108093413,3.1352086941018382,-0.5857213559299603,2.98265791454149,4,123,0.6097560975609756,0.10583969404358598,0.03880535190280876,0.10583969404358598,3.4042933506751143,-0.7872541787273168,4.439250712553287,8,0.05701789689632659,0.15632163135823676,17472.50744925627,0.7472507449256272,0.07866918186112826,0.20765623011709738,0.4706469632031091,-0.3486485396041553,4.491114701130856,10,139,253,11915.86622992884,0.19158662299288398,0.07180463183777719,0.1765852960499931,0.4863692912474827,-0.21547680663518043,6.875981161695448,10,73,50,9a6c66f873e5,-0.1,1,60,0.0,False,7,1.0,0.09277705366841442,0.9778645833333334
392,0.7908163265306123,0.20911431271345876,0.19402177868394488,0.20911431271345876,8.680008001600848,-0.8024549221177497,15.002058400944938,8,221,0.9095022624434389,0.29406994972066786,0.2696473553073474,0.29406994972066786,24.590333557343513,-0.6155034085730786,16.385197418925376,4,48,0.6666666666666666,0.08395225848737838,0.09914381760135982,0.08395225848737838,2.8730774574739524,-0.6526351585014345,2.9278400337161345,5,123,0.6260162601626016,0.10531417307328514,0.04818630100656496,0.10531417307328514,3.2460774441145825,-0.8024549221177497,4.4011101646613495,8,0.06110582379437674,0.15114920077649552,15299.935996591379,0.5299935996591378,0.059407121130268914,0.21026684832276035,0.38104870563220733,-0.3584046615719654,4.491114701130856,10,139,253,10889.66176759307,0.08896617675930707,0.034291738427156826,0.17703822635178235,0.2720733871031875,-0.23954455769222938,6.875981161695448,10,73,50,22c44ea4dbb6,-0.1,0,60,0.0,False,6,1.0,0.09268055755656046,0.9755208333333334
2092,0.6897705544933078,0.11815353046635911,0.09382958016239717,0.11815353046635911,4.380090499901669,-0.9999998419553101,24.276071005450994,30,807,0.8240396530359355,0.20538912321657005,0.20229370634913646,0.20538912321657005,11.415847243507281,-0.9992140420839359,25.19074675251854,8,657,0.5829528158295282,0.04078179099885673,0.03568875008333772,0.04078179099885673,1.8230931274167426,-0.9999998419553101,5.711265797806495,30,628,0.6289808917197452,0.08699765384331593,0.05229688205321592,0.08699765384331593,3.215345537451107,-0.9997294179021221,10.368117438626712,15,0.068639633653403,0.10241981782190537,20163.104576670463,1.0163104576670463,0.09276894916726741,0.22817295109206426,0.5028404887304598,-0.3666264618657268,7.86144578313253,10,261,1831,12271.158900015691,0.22711589000156907,0.08244869511715702,0.19792673228096053,0.51050319892854,-0.3156545047971645,8.47926267281106,10,92,536,6a944dda46dc,-0.05,2,60,0.5,False,6,1.0,0.08796629214820298,0.9739583333333334
392,0.7780612244897959,0.23347415720217066,0.2099773115000455,0.23347415720217066,10.50491161476651,-0.7874465916354532,16.003001865982256,8,221,0.9004524886877828,0.34331177315275874,0.3260731825110982,0.34331177315275874,35.35477970575187,-0.7047133390283907,18.126082421219746,6,48,0.6041666666666666,0.07526084485721511,0.07574493898877444,0.07526084485721511,2.833980142592028,-0.6135774198009517,2.7610318990880134,4,123,0.6260162601626016,0.0978654244174382,0.04533753541833063,0.0978654244174382,3.208442413322632,-0.7874465916354533,4.414010179795684,8,0.05014618054514437,0.134887977376554,18428.46069468714,0.8428460694687139,0.0864946562762261,0.20325447098056768,0.5090788146733077,-0.28692887722035687,4.491114701130856,10,139,253,11605.38676019828,0.16053867601982796,0.06066839732615814,0.17962205685930568,0.41312104761359136,-0.23564707176642996,6.875981161695448,10,73,50,40fa69c97a44,-0.1,2,60,0.0,False,6,1.0,0.07603518711902635,0.971875
2093,0.6903965599617774,0.11794914025052738,0.0974456080089584,0.11794914025052738,4.431788910003092,-0.9999997912125285,24.430776631435943,21,807,0.8327137546468402,0.20536189753004308,0.20058848731090995,0.20536189753004308,12.170502769204573,-0.9997120243200517,25.90431400236643,10,657,0.589041095890411,0.04244453295016201,0.041760767067866245,0.04244453295016201,1.8449651183072593,-0.9999997912125285,5.819671669642866,21,629,0.6136724960254372,0.08466524815477362,0.047319358191099226,0.08466524815477362,3.210022891104861,-0.999773192524544,10.120608637513426,13,0.06607666384438936,0.10184691545104649,20665.163026577495,1.0665163026577495,0.09612378555926537,0.22791309274844904,0.5159092234959854,-0.3673848468938036,7.857501254390367,10,261,1832,12397.421874669073,0.23974218746690723,0.08660791638953369,0.19491226894387337,0.5201128834280327,-0.3181509300547455,8.466257668711657,10,92,537,e4315cbd9379,-0.05,1,60,0.5,False,7,1.0,0.09047175682238576,0.9708333333333334
608,0.6858552631578947,0.12273728826222668,0.10588653851637164,0.12273728826222668,4.500795377497459,-0.995685594670385,14.024693790632458,12,214,0.8411214953271028,0.20555731435148877,0.215212426693696,0.20555731435148877,12.185711719650323,-0.6481194002294003,14.583547120150865,3,182,0.5989010989010989,0.06186000278828571,0.06356491645919105,0.06186000278828571,2.4437648016283946,-0.995685594670385,4.726310960551924,12,212,0.6037735849056604,0.09139851643748692,0.05229688205321592,0.09139851643748692,3.021391414488269,-0.8880125893841335,5.772057990132817,9,0.06265313543581347,0.12402889176409569,20348.07246618487,1.0348072466184868,0.09492897869740968,0.19631426177963274,0.5611999953695734,-0.2898366776701463,5.683890577507599,10,187,421,12177.399674493527,0.21773996744935276,0.0802640824191001,0.18685256093181563,0.5036229423860482,-0.27735605714845146,7.278382581648523,10,78,134,ed4ac4e65bc9,-0.05,2,60,0.7,False,6,1.0,0.07067729036033163,0.9703125000000001
299,0.7993311036789298,0.21636700327607347,0.2045587987244143,0.21636700327607347,9.737086935912599,-0.717769325340349,13.66195889946402,7,160,0.94375,0.3217226995642976,0.28612367703047437,0.3217226995642976,49.61446139837281,-0.38511178977797456,16.030026386052878,3,39,0.6410256410256411,0.0744419396733092,0.08547250555054486,0.0744419396733092,2.5053979954873666,-0.7177693253403492,2.320019893545337,5,100,0.63,0.10314866401999283,0.04654885774377493,0.10314866401999283,3.335216320482142,-0.7029449605446505,3.955657347845813,7,0.058362793187314375,0.1570291148763327,17170.59499984306,0.7170594999843058,0.0761207758773772,0.1906428835449305,0.48120444296994086,-0.2876909580900394,4.103392568659127,10,127,172,11407.796937187752,0.14077969371877508,0.05427420638339786,0.1808286564623107,0.3776307199749885,-0.23785987045174362,6.592356687898089,10,69,31,59a060ade294,-0.1,0,60,0.5,False,7,1.0,0.09423019063678453,0.9684895833333333
608,0.694078947368421,0.1229881215550278,0.10786140947305911,0.1229881215550278,4.612481468542454,-0.9952355877350044,14.026642368398923,9,214,0.8457943925233645,0.20601723049568285,0.20294622920233218,0.20601723049568285,13.423895427978797,-0.7239613173527858,15.072767297105004,6,182,0.6208791208791209,0.06323669303865369,0.06688319036758883,0.06323669303865369,2.45022239310796,-0.9952355877350043,4.799693464595787,9,212,0.6037735849056604,0.09047175682238576,0.04400381563031086,0.09047175682238576,3.0814215787599104,-0.894935473576768,5.572609465224076,9,0.05948659786261415,0.12284608822275409,20188.769919376806,1.0188769919376806,0.09383091757049944,0.1965524460588849,0.5559067887773149,-0.3054985082105204,5.683890577507599,10,187,421,11859.33748075464,0.18593374807546414,0.06911700589397629,0.18581628718896148,0.4570373889818977,-0.2848466676758985,7.278382581648523,10,78,134,8370d41eb12a,-0.05,1,60,0.7,False,7,1.0,0.08466524815477362,0.9682291666666667
299,0.7859531772575251,0.2399751250868208,0.22250151241449168,0.2399751250868208,11.407172167222287,-0.7471291578045609,14.443082798146891,6,160,0.95,0.36770041781636914,0.3507086284058428,0.36770041781636914,77.27462485123102,-0.36793359648769874,18.127045457951404,3,39,0.5641025641025641,0.06940800346442638,0.05518060164845762,0.06940800346442638,2.478754117348581,-0.6698463694761378,2.2033753439246206,4,100,0.61,0.10213583415227728,0.03783404334545293,0.10213583415227728,3.379304790552242,-0.7471291578045609,3.836931382652864,6,0.05653725273079528,0.15425319501624976,18785.48624022108,0.8785486240221079,0.08932747421399312,0.18919794910870247,0.5485736520388298,-0.27065314378426075,4.103392568659127,10,127,172,11765.862557916369,0.1765862557916369,0.06743017330521406,0.1799365028583744,0.4541899117838226,-0.22135145539423828,6.592356687898089,10,69,31,48b69f980f3b,-0.1,1,60,0.5,False,8,1.0,0.08551589443193708,0.9656250000000001
299,0.7892976588628763,0.23584787693772397,0.21190353256470085,0.23584787693772397,10.87412077062134,-0.7507322133156644,14.103648842855096,7,160,0.9375,0.3677164015481115,0.3491346762967551,0.3677164015481115,62.167677732324066,-0.5762494337883528,17.231332203486573,4,39,0.5897435897435898,0.06556813698765104,0.07455915589504614,0.06556813698765104,2.385558735115431,-0.6576173964244552,2.1090577962480803,3,100,0.63,0.09126733614163234,0.04472077938338581,0.09126733614163234,3.105692363045186,-0.7507322133156644,3.7400092898936177,7,0.050396498438080695,0.14090124891016825,20499.162204639913,1.0499162204639911,0.102309236619742,0.18752533246526523,0.6121061797958348,-0.23889557135661055,4.103392568659127,10,127,172,11577.952957662139,0.15779529576621387,0.06055640675706386,0.1833647469157123,0.40869447199136544,-0.23889557135661044,6.592356687898089,10,69,31,cc6b7037cfb9,-0.1,2,60,0.5,False,7,1.0,0.06540207171763766,0.9528645833333333
834,0.7170263788968825,0.12265599831755784,0.1114473423819079,0.12265599831755784,5.294552324596477,-0.9825276925138148,17.814433202789008,11,382,0.8821989528795812,0.21046451755792578,0.21270108059896187,0.21046451755792578,18.465506015011588,-0.8950097634308849,21.219684340448268,7,230,0.5782608695652174,0.043782806897257914,0.032906637996812926,0.043782806897257914,2.0105609138533183,-0.9825276925138148,4.14917295896418,11,222,0.5765765765765766,0.05327752839345157,0.0268504999347835,0.05327752839345157,2.2784236807314815,-0.9741747870070746,4.365629184725518,11,0.030080236072926318,0.07544123958363048,20577.839537797994,1.0577839537797993,0.09624442944120126,0.21193298712471229,0.5397056694865441,-0.3598962870928023,6.97321879737241,10,230,604,11779.882662599734,0.17798826625997344,0.06694904316235939,0.18242658803036665,0.4331470509216784,-0.2894802466396975,8.194662480376767,10,87,135,601e161c51ac,-0.05,2,60,0.0,True,5,1.0,0.04610617627586488,0.9078125
399,0.7243107769423559,0.10312205055345043,0.08994154675565247,0.10312205055345043,5.221903048378236,-0.9832403269841662,11.493375913307233,6,221,0.8144796380090498,0.14813537649575595,0.1527482496101783,0.14813537649575595,6.749602774329191,-0.9832403269841662,10.918031093227333,5,48,0.5208333333333334,0.044696624878369666,0.004707115864962642,0.044696624878369666,2.9547673245189956,-0.31114614531563856,2.334046419924656,6,130,0.6461538461538462,0.048171861316176276,0.03317818158587771,0.048171861316176276,3.119748913689979,-0.4880391520082794,4.408882898901358,5,0.02834918489333943,0.06880098464660898,12127.026327980797,0.21270263279807966,0.026443789088417713,0.16881567781007703,0.24143197208965964,-0.3439952469386999,1.933404940923738,10,180,219,12531.641599916984,0.2531641599916985,0.09262319666205543,0.1343998298214942,0.7332066678647647,-0.09544216383553328,3.2398753894080996,10,104,26,8974cd1eaea5,-0.1,1,20,0.0,False,8,1.0,0.04449879594107548,0.8994791666666667
2658,0.6166290443942815,0.041311002660235574,0.03169951311581243,0.041311002660235574,2.139074113783688,-1.0,13.767386284811183,45,1039,0.6564003849855631,0.054170854527937524,0.057379044322626194,0.054170854527937524,2.1702344247758356,-1.0,9.05640294513657,45,787,0.542566709021601,0.02167745486513908,0.009126835135207512,0.02167745486513908,1.6027826650395511,-0.9998844254554821,4.64686814318159,40,832,0.6370192307692307,0.043823281535474254,0.031875831453351045,0.043823281535474254,2.8230587601970627,-0.9970948094732185,10.957059852302152,15,0.03649301989719905,0.050943664110627986,20951.364183988135,1.0951364183988135,0.0980833126778895,0.22711361346953324,0.5254561100589933,-0.3926465756707246,6.365461847389558,10,634,2024,13421.129149397615,0.3421129149397615,0.1206415768781659,0.19049474602224659,0.6982821101945822,-0.23806446007615023,7.864823348694316,10,256,576,0a62007297e5,-0.05,0,20,0.0,False,6,1.0,0.03999622060543625,0.8992187500000001
73,0.8082191780821918,0.2517356670695454,0.20876818430923938,0.2517356670695454,9.520874059353275,-0.5978021565919711,6.558886443855331,5,36,0.9722222222222222,0.42884581510411146,0.3679458037838559,0.42884581510411146,111.03884938907062,-0.14029998886267347,8.24462681429765,1,9,0.6666666666666666,0.03331211272209316,0.10736878566877206,0.03331211272209316,1.4511066021443588,-0.44846434971972626,0.47649867026500586,2,28,0.6428571428571429,0.09423019063678453,0.08752693299069014,0.09423019063678453,2.951857923074017,-0.411050154076137,1.9707468328455895,4,0.01223641338710364,0.18794380672442762,16498.322897235004,0.6498322897235005,0.07760945143518061,0.15191551356459976,0.5705723571932829,-0.1999712947926614,1.7417061611374407,10,49,24,12629.579776111268,0.2629579776111268,0.10485450213584091,0.1184890724842325,0.912774689203017,-0.12944927429271735,2.7457627118644066,7,27,1,0020296ce08d,-0.15,0,60,0.5,False,7,1.0,0.0841056548810279,0.8951562500000001
399,0.6716791979949874,0.08284192140956288,0.06534419647281975,0.08284192140956288,3.4818449190662344,-0.9983363238337634,8.672240790742656,9,221,0.7149321266968326,0.11111297680110763,0.10400275790631508,0.11111297680110763,4.004725368106412,-0.9983363238337634,7.555761035645841,9,48,0.5416666666666666,0.045023176652158624,0.014046619767894897,0.045023176652158624,2.588360444453064,-0.33292668934681335,2.0559128212024023,6,130,0.6461538461538462,0.04874497146205527,0.03536315903914877,0.04874497146205527,2.674091339724832,-0.5313911508836644,3.993932660796456,5,0.02255877376372178,0.07234368652352062,11127.362551938138,0.1127362551938138,0.01456213280729246,0.1712342510794902,0.1720737739356831,-0.3599552869280954,1.933404940923738,10,180,219,12370.772201059308,0.2370772201059308,0.08709602223685375,0.12856471061493832,0.7051998376748426,-0.11461381939180793,3.2398753894080996,10,104,26,425bb9e15b68,-0.1,0,20,0.0,False,7,1.0,0.0447020237895051,0.89453125
2152,0.6217472118959108,0.041496360323113414,0.032753423441988616,0.041496360323113414,2.207084584574256,-0.9999999999992992,13.267454667262744,35,807,0.677819083023544,0.058353621236571694,0.06518589453241341,0.058353621236571694,2.458139605936405,-0.9999999999992992,9.474842870447594,33,657,0.5388127853881278,0.019893883934695548,0.010107699131075676,0.019893883934695548,1.5222717486243007,-0.9998002049440042,3.8773613617996654,35,688,0.6351744186046512,0.04235249030862172,0.031513060324894315,0.04235249030862172,2.74914703193214,-0.9974266194267931,9.855746417551522,16,0.033818624377418886,0.050832351052131575,20500.433721773876,1.0500433721773876,0.09506501359214492,0.2108628918149351,0.5359121009507098,-0.33527312143016885,5.963855421686747,10,594,1558,13694.374870919022,0.36943748709190216,0.1294188968404062,0.1928124891156102,0.7326490191579446,-0.2364746525258754,7.557603686635945,10,246,442,6480b7b974fa,-0.05,0,20,0.5,False,7,1.0,0.039600284112720555,0.890625
2658,0.6433408577878104,0.05309615462034927,0.04056105335544846,0.05309615462034927,2.7442869085145,-0.9999999999977429,18.058902955497878,61,1039,0.7468719923002888,0.08814616623499782,0.08764168102538339,0.08814616623499782,3.7433746115624786,-0.9999999999977429,15.276255512616986,61,787,0.5336721728081322,0.019987748599696098,0.008476710352135819,0.019987748599696098,1.5768480430368936,-0.9998083779472368,4.511175720735824,34,832,0.6177884615384616,0.04064345446486155,0.02523012411554515,0.04064345446486155,2.6693615532846104,-0.998950581405575,10.316327047250645,21,0.03288229433953035,0.0473403729360414,20960.12361386987,1.096012361386987,0.09814137985926408,0.22205279913458795,0.5324496745452659,-0.3842801519293608,6.365461847389558,10,634,2024,12299.835149880948,0.22998351498809488,0.08342717727812898,0.19196438684496142,0.5252301972852198,-0.24534923824481736,7.864823348694316,10,256,576,436c1319ceb4,-0.05,2,20,0.0,False,6,1.0,0.03829681807864768,0.88671875
835,0.7221556886227545,0.12214883807845892,0.11238712254924399,0.12214883807845892,5.338256357135368,-0.9873847803711945,18.09692439201477,11,382,0.8952879581151832,0.21347885841502479,0.2113491407331599,0.21347885841502479,22.629537079323992,-0.9164395012939981,22.303742027809005,7,230,0.5869565217391305,0.04418990683241674,0.04401819884531122,0.04418990683241674,1.9824528037369025,-0.9873847803711945,4.137856883521554,11,223,0.5650224215246636,0.04610617627586488,0.01868321486079283,0.04610617627586488,2.09438150448026,-0.9757309150368488,4.019942707769757,7,0.023478958920970804,0.06807861028338437,18655.27445671136,0.8655274456711359,0.08203385660666851,0.21286383581326188,0.47624073247078647,-0.37717430389771,6.954340190667335,10,231,604,10872.223604168832,0.08722236041688314,0.03290106710266838,0.180188143202685,0.2670412311791989,-0.2986575578596893,8.110599078341014,10,88,135,a9266745b5c6,-0.05,0,60,0.0,True,5,1.0,0.03911197633873651,0.884765625
835,0.7221556886227545,0.12214883807845892,0.11238712254924399,0.12214883807845892,5.338256357135368,-0.9873847803711945,18.09692439201477,11,382,0.8952879581151832,0.21347885841502479,0.2113491407331599,0.21347885841502479,22.629537079323992,-0.9164395012939981,22.303742027809005,7,230,0.5869565217391305,0.04418990683241674,0.04401819884531122,0.04418990683241674,1.9824528037369025,-0.9873847803711945,4.137856883521554,11,223,0.5650224215246636,0.04610617627586488,0.01868321486079283,0.04610617627586488,2.09438150448026,-0.9757309150368488,4.019942707769757,7,0.02568155150391561,0.06785766576006788,18655.27445671136,0.8655274456711359,0.08203385660666851,0.21286383581326188,0.47624073247078647,-0.37717430389771,6.954340190667335,10,231,604,10872.223604168832,0.08722236041688314,0.03290106710266838,0.180188143202685,0.2670412311791989,-0.2986575578596893,8.110599078341014,10,88,135,0265d9df671c,-0.05,1,60,0.0,True,6,1.0,0.042609076307300695,0.884765625
399,0.7518796992481203,0.11364901187454243,0.08833647120909183,0.11364901187454243,6.578435702625666,-0.7789928778388924,12.605206200727824,6,221,0.8506787330316742,0.17163704445817002,0.15805143006410682,0.17163704445817002,10.718015942256756,-0.7789928778388924,12.833989141138694,6,48,0.5416666666666666,0.033247678053614595,0.009182156987235124,0.033247678053614595,2.3864772756038595,-0.33530383875814707,1.9030339626278943,4,130,0.6615384615384615,0.044756002816256586,0.038013802354978976,0.044756002816256586,2.8924240960884124,-0.5435539135356662,4.256692521836776,5,0.024729223755856938,0.06443269357686245,12294.208045587597,0.22942080455875957,0.028347567622876824,0.16582315787817561,0.250669219600556,-0.2901286861696445,1.933404940923738,10,180,219,11976.636612761467,0.19766366127614665,0.07336707102421336,0.13982566060856436,0.5705090272173391,-0.13729768625773953,3.2398753894080996,10,104,26,999457ba2b01,-0.1,2,20,0.0,False,7,1.0,0.04064345446486155,0.8812500000000001
