ticker,available_date,roe,roic,roa,operating_margin,fcf_margin,fcf_to_net_income,asset_turnover,debt_to_equity,net_debt_to_equity,current_ratio,market_cap,fundamental_source,source_fiscal_year,source_period_end,source_accession_year_max
AAPL,2018-12-31,0.3562366958026963,0.22938501018752236,,0.27835410106706115,0.24619850769109483,1.162037341037932,,,0.5188968335035751,,216903588788.48648,tenline_sec_annual_conservative,2016,2016-09-24,2018
AAPL,2019-12-31,0.4936358284202758,0.29580343415826266,,0.26694026619477024,0.24142397258984544,1.0771026859955317,,,0.8266213706403353,,367070494332.93915,tenline_sec_annual_conservative,2018,2018-09-29,2019
AAPL,2020-01-26,0.5591722113998027,0.35898688051420946,,0.24572017188496928,0.22637158209505945,1.065875199073404,,,0.6542635487578463,,369948871420.0287,tenline_sec_annual_conservative,2019,2019-09-28,2019
AAPL,2021-01-24,0.7368556155223421,0.40586909009647903,,0.24147314354406862,0.2672531555652697,1.2778909964989287,,,1.1389828433248137,,2437648849360.4736,tenline_sec_annual_conservative,2020,2020-09-26,2020
AAPL,2022-01-23,1.4744333444938449,0.6178906111309536,,0.29782377527561593,0.2540969938521173,0.981759611322349,,,1.4230305912188936,,2739031556551.1777,tenline_sec_annual_conservative,2021,2021-09-25,2021
AAPL,2023-01-22,1.7545929220653644,0.6803961868042695,,0.30288744395528594,0.2826149804223895,1.116629760628438,,,1.9028852226081465,,2250840585814.087,tenline_sec_annual_conservative,2022,2022-09-24,2022
AAPL,2024-01-28,1.7194951160275842,0.6803763316950044,,0.2982141226502472,0.25981710737440805,1.0266920975308005,,,1.305361567920703,,3042650264786.362,tenline_sec_annual_conservative,2023,2023-09-30,2023
AAPL,2025-01-26,1.5741250755692886,0.6998997671891681,,0.31510222870075566,0.27825386474356517,1.1607813433472731,,,1.3465496049165935,,3432615385291.29,tenline_sec_annual_conservative,2024,2024-09-28,2024
AAPL,2026-01-25,1.7142244974480232,0.8228358730470098,,0.31970799762591884,0.23732882225869315,0.8817694848674226,,,0.8506774442922437,,3721764943140.457,tenline_sec_annual_conservative,2025,2025-09-27,2025
AMZN,2019-12-31,0.28271913329029724,0.3027600317294496,,0.053334879147397665,0.0742677779352218,1.7170654224163606,,,-0.15807481228041975,,46195999145.50781,tenline_sec_annual_conservative,2018,2018-12-31,2019
AMZN,2020-12-31,0.21945099376000152,0.23813899699688376,,0.05183550666257905,0.07718824192041979,1.868570935450466,,,-0.18322591040928135,,82074634277.34375,tenline_sec_annual_conservative,2019,2019-12-31,2020
AMZN,2021-12-31,0.2744172284258735,0.23960512719668586,,0.05931399975133657,0.06714948816776493,1.2153204256715577,,,-0.097972249582459,,85025667572.02148,tenline_sec_annual_conservative,2020,2020-12-31,2021
AMZN,2022-12-31,0.2880564992726064,0.14287860805508712,,0.052954097509269465,-0.03134378551877094,-0.4413739359788994,,,0.10137798835400919,,43260000000.0,tenline_sec_annual_conservative,2021,2021-12-31,2022
AMZN,2023-12-31,-0.01914959477712742,0.03456617066001598,,0.023829581912242232,-0.032866845790619534,6.2060984570169,,,0.11134391925665729,,1548116684875.4883,tenline_sec_annual_conservative,2022,2022-12-31,2023
AMZN,2025-12-31,0.24289682173641217,0.22390515448515966,,0.1075194487420038,0.05153622724971354,0.5549216851201728,,,-0.07339231387907823,,2474621298522.949,tenline_sec_annual_conservative,2024,2024-12-31,2025
AMZN,2026-12-31,0.22285824958574535,0.16353949811283713,,0.11155296795755199,0.010733355278941701,0.09907300115874855,,,-0.04368895430163113,,2774527125732.422,tenline_sec_annual_conservative,2025,2025-12-31,2026
COST,2018-12-31,0.19455252918287938,0.17392658196259914,,0.030930179667955426,0.005416150742509624,0.27361702127659576,,,0.147528768937826,,89889688692.58118,tenline_sec_annual_conservative,2016,2016-08-28,2018
COST,2019-12-31,0.26096569431566935,0.26912985144658164,,0.031021001552032378,0.02199039966470862,0.9177370866356929,,,-0.10240766253362199,,130183934107.4524,tenline_sec_annual_conservative,2019,2019-09-01,2019
COST,2020-12-31,0.23873296149372147,0.30188216900644294,,0.03259155318089961,0.0362854624282656,1.5119940029985008,,,-0.2553051848610807,,167253018238.12866,tenline_sec_annual_conservative,2020,2020-08-30,2020
COST,2021-12-31,0.2793461280964071,0.3696665377659554,,0.034236891935343926,0.027407887551102697,1.072498502097064,,,-0.21447278524254157,,252255229624.1455,tenline_sec_annual_conservative,2021,2021-08-29,2021
COST,2022-12-31,0.30592053604145947,0.3459367014927882,,0.03433735470624003,0.0154260334693374,0.5990759753593429,,,-0.17663017149501017,,203031570500.0,tenline_sec_annual_conservative,2022,2022-08-28,2022
COST,2024-01-01,0.27536105032822755,0.33764421340353656,,0.033488794419910026,0.02783854059185274,1.0719961856325493,,,-0.28900949796472186,,293373883755.61523,tenline_sec_annual_conservative,2023,2023-09-03,2023
COST,2024-12-31,0.302670501232539,0.3580713657318392,,0.036490039417888566,0.026051962444930892,0.8998235373964979,,,-0.16971467276267885,,407519337616.6992,tenline_sec_annual_conservative,2024,2024-09-01,2024
COST,2025-12-31,0.3068616678664797,0.3738797102601004,,0.03772412665540356,0.028473849619416135,0.967650327200889,,,-0.28710053490604853,,383571430965.39307,tenline_sec_annual_conservative,2025,2025-08-31,2025
GOOGL,2019-12-31,0.140093213268506,0.14707819565646424,,0.26271712158808935,0.2860687699397377,1.3258034705821953,,,-0.06460916597140309,,,tenline_sec_annual_conservative,2016,2016-12-31,2019
GOOGL,2020-12-31,0.18620543422288188,0.14054082143734903,,0.19237825155862856,0.1668774073776303,0.7428422696512234,,,-0.07178485373927534,,,tenline_sec_annual_conservative,2018,2018-12-31,2020
GOOGL,2021-12-31,0.18119608515577598,0.15873569302855353,,0.2114891540063142,0.19135409651729612,0.9018431703695076,,,-0.07217958519077451,,,tenline_sec_annual_conservative,2019,2019-12-31,2021
GOOGL,2023-12-31,0.3206932403164206,0.2679905624588949,,0.3055228868524319,0.2601023921253547,0.8813541488564176,,,-0.021876924911081525,,,tenline_sec_annual_conservative,2021,2021-12-31,2023
GOOGL,2025-12-31,0.3290849238162386,0.29738326056131975,,0.32109777211457696,0.20788645155392008,0.7267823967718092,,,-0.02855877250187644,,3895911000000.0,tenline_sec_annual_conservative,2024,2024-12-31,2025
GOOGL,2026-12-31,0.3570478247421149,0.2479385726141225,,0.32032638592380025,0.18187550268595656,0.5543315427101461,,,0.04294847868228721,,4166149425354.004,tenline_sec_annual_conservative,2025,2025-12-31,2026
HD,2019-12-31,-52.45754716981132,,,0.14352651959742335,0.09792704453665795,0.9527920151065552,,,0.23375931842385517,,249608345581.0547,tenline_sec_annual_conservative,2019,2019-02-03,2019
HD,2022-12-31,20.50280723643169,0.521561195641801,,0.15242430056166767,0.09265201082318385,0.852248524310838,,,-20.691037735849058,,334179864501.9531,tenline_sec_annual_conservative,2022,2022-01-30,2022
HD,2023-12-31,-255.29850746268656,0.45785714449955656,,0.15272262917479337,0.07303545675749509,0.6720841859105525,,,24.579385403329066,,355213737487.79297,tenline_sec_annual_conservative,2023,2023-01-29,2023
HD,2024-12-31,11.621642363775901,0.4180267618257896,,0.1420655142825328,0.11754842174901257,1.1851020273393646,,,36.772030651341,,389767970214.84375,tenline_sec_annual_conservative,2024,2024-01-28,2024
HD,2025-12-31,3.853722019781364,0.28984989953989565,,0.13494740273581002,0.10234211417179684,1.102593543158179,,,7.533433734939759,,341691306060.791,tenline_sec_annual_conservative,2025,2025-02-02,2025
HD,2026-12-31,1.4554053359379016,0.24350391352227443,,0.12684976591390731,0.07678995403289957,0.8933314495620231,,,4.095215796456723,,326966935424.8047,tenline_sec_annual_conservative,2026,2026-02-01,2026
JPM,2019-12-31,0.12680004997969574,,,,,,,,-0.8167826442898076,,475911579162.59766,tenline_sec_annual_conservative,2018,2018-12-31,2019
JPM,2020-12-31,0.14070233370989388,,,,,,,,-0.8522213293536908,,410486927014.16016,tenline_sec_annual_conservative,2019,2019-12-31,2020
JPM,2021-12-31,0.10775610153065376,,,,,,,,-1.72684479191277,,488889808843.99414,tenline_sec_annual_conservative,2020,2020-12-31,2021
JPM,2022-12-31,0.16856356182680857,,,,,,,,-2.3365416979740044,,405867078472.9004,tenline_sec_annual_conservative,2021,2021-12-31,2022
JPM,2023-12-31,0.1284863903529488,,,,,,,,-1.7897698507176771,,505197018127.4414,tenline_sec_annual_conservative,2022,2022-12-31,2023
JPM,2024-12-31,0.15979103851921123,,,,,,,,-1.767239644013932,,705490520759.5825,tenline_sec_annual_conservative,2023,2023-12-31,2024
JPM,2025-12-31,0.1738562907724237,,,,,,,,-1.2078733488417963,,927671383514.4043,tenline_sec_annual_conservative,2024,2024-12-31,2025
JPM,2026-12-31,0.16133575416150545,,,,,,,,-0.7685783499522677,,985262933395.3857,tenline_sec_annual_conservative,2025,2025-12-31,2026
META,2019-12-31,0.2790615495286293,,,0.4461656936136681,0.2750635767756725,0.6946002170767004,,,,,599535250000.0,tenline_sec_annual_conservative,2018,2018-12-31,2019
META,2020-12-31,0.1996425119207694,,,0.3392788944368219,0.30004102012815254,1.1475250202867189,,,,,785608170532.2266,tenline_sec_annual_conservative,2019,2019-12-31,2020
META,2021-12-31,0.254168410771592,,,0.3800500203571221,0.2749025766300238,0.8108145200027448,,,,,971378817626.9531,tenline_sec_annual_conservative,2020,2020-12-31,2021
META,2023-12-31,0.18516153747924913,0.19263881656714052,,0.24821411726367604,0.16331500999065252,0.8208620689655173,,,-0.037848114355715,,956399896911.6211,tenline_sec_annual_conservative,2022,2022-12-31,2023
META,2024-12-31,0.2803919951520541,0.2971671484950982,,0.3465552771641636,0.32502853923588976,1.121464013504527,,,-0.15327614123054423,,1539305815673.8281,tenline_sec_annual_conservative,2023,2023-12-31,2024
META,2025-12-31,0.371406024329596,0.36537741099614945,,0.42176035404040096,0.3287031689776962,0.8670942912123156,,,-0.08247507350646364,,1725475330200.1953,tenline_sec_annual_conservative,2024,2024-12-31,2025
META,2026-12-31,0.30238071421426427,0.2440064072329069,,0.41437855159579234,0.2294368201586338,0.7626616824903238,,,0.10527842093876442,,1470011337158.2031,tenline_sec_annual_conservative,2025,2025-12-31,2026
MSFT,2018-12-31,0.21366496467068957,0.1083427049700014,,0.3176694454512505,0.2922435665096049,1.9462917144408907,,,0.7772673420537247,,791636577621.46,tenline_sec_annual_conservative,2018,2018-06-30,2018
MSFT,2019-12-31,0.42410617785655613,0.2364986121600766,,0.3413698020549415,0.30402962421429874,0.9750254841997962,,,0.5943711521547933,,1222648076339.7217,tenline_sec_annual_conservative,2019,2019-06-30,2019
MSFT,2022-12-31,0.47151330502706384,0.3579621109852883,,0.4205527815604983,0.3285872799717557,0.8956666391707223,,,0.21526101523939908,,1808242855224.6094,tenline_sec_annual_conservative,2022,2022-06-30,2022
MSFT,2024-12-31,0.3713334737729092,0.2965019363144144,,0.44644299573273716,0.3021801388696241,0.8404170826903876,,,0.12408884187472298,,3148183500000.0,tenline_sec_annual_conservative,2024,2024-06-30,2024
MSFT,2025-12-31,0.3328082411153743,0.29706098731461084,,0.4562195624085985,0.2541884965427156,0.7032268834943829,,,0.03758308368197182,,3610223263549.8047,tenline_sec_annual_conservative,2025,2025-06-30,2025
MSFT,2026-12-31,0.3403862745048138,0.2709862534216744,,0.4678081840892722,0.20186596512164032,0.5008411277841329,,,0.04376032749606114,,3764212161804.199,tenline_sec_annual_conservative,2026,2026-06-30,2026
NKE,2019-12-31,0.4274347549331636,,,,0.12229976736457294,1.187391412261107,,,-0.10918141592920354,,163960100048.82816,tenline_sec_annual_conservative,2019,2019-05-31,2019
NKE,2020-12-31,0.2970459198596081,,,,0.037403416838221536,0.5510043324143363,,,0.16250775915580384,,225163653942.8711,tenline_sec_annual_conservative,2020,2020-05-31,2020
NKE,2021-12-31,0.550091249639804,,,,0.1338632179262652,1.0410337000174612,,,-0.037126967964282914,,268238695053.1006,tenline_sec_annual_conservative,2021,2021-05-31,2021
NKE,2022-12-31,0.43111808328579576,,,,0.09484050524512952,0.7327158451869005,,,0.05601727635625941,,188479711441.04007,tenline_sec_annual_conservative,2022,2022-05-31,2022
NKE,2023-12-31,0.3462523476182346,,,,0.09512466563836226,0.9609467455621302,,,0.10654098828906026,,170433185520.93506,tenline_sec_annual_conservative,2023,2023-05-31,2023
NKE,2024-12-31,0.4009284659210804,,,,0.12883065301195437,1.1608771929824562,,,-0.06590436590436591,,115752396199.03564,tenline_sec_annual_conservative,2024,2024-05-31,2024
NKE,2025-12-31,0.23289802119885686,,,,0.07056943574683107,1.0152221186703945,,,0.037992885794293496,,94774994638.06152,tenline_sec_annual_conservative,2025,2025-05-31,2025
NKE,2026-12-31,0.2213832894080775,,,,0.047070994439415495,0.7027027027027027,,,0.025496131853346787,,56929637966.156,tenline_sec_annual_conservative,2026,2026-05-31,2026
NVDA,2019-12-31,0.492595015761613,0.36063708759954494,,0.3246841925571868,,,,,0.12909441233140656,,3676562607.2883606,tenline_sec_annual_conservative,2019,2019-01-27,2019
NVDA,2022-12-31,0.29776265594391177,0.1935265284824843,,0.271784107946027,,,,,0.3620434499496833,,9177592201.23291,tenline_sec_annual_conservative,2021,2021-01-31,2022
NVDA,2024-12-31,0.9145807403309824,0.6390097561476829,,0.5412166376678376,0.4435343554052723,0.9079637096774194,,,0.05651728791474708,,334919243255.61523,tenline_sec_annual_conservative,2024,2024-01-28,2024
NVDA,2025-12-31,1.1917746617063898,0.8920128148964017,,0.6241752683969747,0.46631723334636044,0.8349753018660813,,,-0.001588362096133725,,4625946000000.0,tenline_sec_annual_conservative,2025,2025-01-26,2025
NVDA,2026-12-31,1.014850815653791,0.7133233260959281,,0.6038168363141272,0.44770258129648327,0.8051837723937468,,,-0.01358610999853776,,5588701615264.892,tenline_sec_annual_conservative,2026,2026-01-25,2026
